"no2_concentration","cars_per_hour","temperature_at_2m","wind_speed","temperature_diff_2m_25m","wind_direction","hour_of_day","binaryClass"
0.482403878320967,0.844284255734459,0.700251889168766,0.46875,0.54639175257732,0.202801120448179,0.826086956521739,0
0.362830694736923,0.846117766338735,0.629722921914358,0.333333333333333,0.525773195876289,0.151260504201681,0.565217391304348,1
0.404232196484063,0.162279901738992,0.375314861460957,0.0625,0.54639175257732,0.782352941176471,0.130434782608696,0
0.611930052539879,0.669122402230534,0.287153652392947,0.145833333333333,0.680412371134021,0.201680672268908,0.956521739130435,1
0.603835391805945,0.803269523689952,0.435768261964736,0.239583333333333,0.54639175257732,0.176470588235294,0.434782608695652,1
0.567875451287972,0.839695741470267,0.534005037783375,0.135416666666667,0.587628865979382,0.622408963585434,0.782608695652174,0
0.539319824183814,0.331244773665671,0.269521410579345,0.135416666666667,0.587628865979382,0.587955182072829,0.173913043478261,0
0.179447760818825,0.131472659608993,0.365239294710327,0.364583333333333,0.54639175257732,0.171148459383754,0.130434782608696,0
0.373835643192924,0.717544611871389,0.148614609571788,0.510416666666667,0.54639175257732,0.175070028011204,0.478260869565217,0
0.223496560832748,0.146349205597182,0.428211586901763,0.28125,0.597938144329897,0.157703081232493,0.0869565217391304,0
0.504553004944589,0.398921213528181,0.390428211586902,0.15625,0.587628865979382,0.212885154061625,0.0434782608695652,1
0.630031848796533,0.943236975323411,0.493702770780856,0.09375,0.711340206185567,0.596638655462185,0.739130434782609,1
0.546190423703085,0.991782366555251,0.775818639798489,0.385416666666667,0.268041237113402,0.639775910364146,0.695652173913043,0
0.537210107303565,0.25897271290872,0.430730478589421,0.21875,0.649484536082474,0.226050420168067,0.173913043478261,0
0.388106688634021,0.540435541679202,0.445843828715365,0.28125,0.567010309278351,0.65266106442577,0,1
0.666776890188366,0.756162040645187,0.254408060453401,0.0520833333333333,0.855670103092784,0.785434173669468,0.826086956521739,0
0.292109736217709,0.589914270350428,0.632241813602015,0.395833333333333,0.556701030927835,0.240896358543417,1,1
0.439488253459955,0.862804134163704,0.574307304785894,0.708333333333333,0.443298969072165,0.0204481792717087,0.391304347826087,0
0.473272729733859,0.554452185407245,0.44080604534005,0.229166666666667,0.65979381443299,0.7703081232493,0.217391304347826,1
0.473765834962514,0.834676091637628,0.488664987405542,0.322916666666667,0.515463917525773,0.19047619047619,0.478260869565217,1
0.37301186739917,0.858357752504495,0.675062972292191,0.4375,0.577319587628866,0.854341736694678,0.565217391304348,1
0.426145406096328,0.249833586408333,0.473551637279597,0.0104166666666667,0.577319587628866,0.638655462184874,0.173913043478261,1
0.599528939475684,0.832070327212945,0.415617128463476,0.416666666666667,0.536082474226804,0.110364145658263,0.434782608695652,0
0.470298628393966,0.9191004901206,0.397984886649874,0.59375,0.536082474226804,0.169467787114846,0.608695652173913,0
0.523668084102481,0.858968922705921,0.332493702770781,0.229166666666667,0.701030927835052,0.226890756302521,0.826086956521739,1
0.20470635100197,0.124799533805056,0.324937027707809,0.479166666666667,0.54639175257732,0.158263305322129,0.130434782608696,0
0.562056809589833,0.603753248322243,0.634760705289673,0.135416666666667,0.597938144329897,0.287114845938375,0.956521739130435,0
0.494236470062711,0.86931854522541,0.612090680100756,0.46875,0.402061855670103,0.619047619047619,0.434782608695652,1
0.532921058687257,0.922703551656911,0.816120906801008,0.0520833333333333,0.54639175257732,0.559103641456583,0.695652173913043,0
0.489318953998116,0.796217377606061,0.54911838790932,0.40625,0.494845360824742,0.792717086834734,0.478260869565217,1
0.431716528307141,0.85856384478172,0.521410579345088,0.479166666666667,0.577319587628866,0.411764705882353,0.782608695652174,1
0.219880455822606,0.473194975138638,0.602015113350126,0.302083333333333,0.556701030927835,0.198879551820728,0,1
0.582121358031137,0.849315749950846,0.657430730478589,0.15625,0.278350515463918,0.761624649859944,0.478260869565217,0
0.192488943807275,0.815433705799721,0.738035264483627,0.291666666666667,0.463917525773196,0.151260504201681,0.521739130434783,1
0.640257497616658,0.765701507316276,0.226700251889169,0.104166666666667,0.567010309278351,0.175350140056022,0.869565217391304,0
0.170237328645933,0.916402339502678,0.54911838790932,0.645833333333333,0.556701030927835,0.114285714285714,0.739130434782609,0
0.649375109981803,0.989096060321077,0.556675062972292,0.0208333333333333,0.329896907216495,0.576750700280112,0.304347826086957,0
0.543129303793429,0.433198860096508,0.63727959697733,0.0833333333333333,0.618556701030928,0.246218487394958,0.173913043478261,0
0.384246931628543,0.619079880892877,0.307304785894207,0.260416666666667,0.54639175257732,0.210084033613445,0.91304347826087,1
0.545852018154007,0.550744893293947,0.392947103274559,0.03125,0.731958762886598,0.15406162464986,0.217391304347826,1
0.526303779893296,0.536896439815133,0.130982367758186,0.427083333333333,0.54639175257732,0.218487394957983,0.217391304347826,1
0.515931166377572,0.719200456719437,0.503778337531486,0.0625,0.577319587628866,0.761904761904762,0.391304347826087,1
0.386573228060201,0.832866269800848,0.682619647355164,0.416666666666667,0.536082474226804,0.896358543417367,0.521739130434783,1
0.412491225627549,0.428863815644536,0.397984886649874,0.1875,0.536082474226804,0.176470588235294,0,1
0.40493414628015,0.827235449766784,0.886649874055416,0.46875,0.443298969072165,0.377871148459384,0.565217391304348,0
0.501174750691798,1,0.536523929471033,0.770833333333333,0.567010309278351,0.607843137254902,0.695652173913043,1
0.431716528307141,0.947614659556878,0.949622166246851,0.5,0.43298969072165,0.741176470588235,0.652173913043478,0
0.279126565609101,0.641759506894616,0.664987405541562,0.75,0.639175257731959,0.610644257703081,0.869565217391304,1
0.492016529660763,0.272652976138304,0.506297229219144,0.3125,0.721649484536083,0.697478991596639,0.173913043478261,1
0.319025546718336,0.36870382170886,0.476070528967254,0.1875,0.670103092783505,0.611764705882353,0.173913043478261,0
0.437129083346386,0.860591603279473,0.28463476070529,0.0208333333333333,0.525773195876289,0.487394957983193,0.521739130434783,1
0.329653414705365,0.514913263577809,0.428211586901763,0.177083333333333,0.567010309278351,0.804201680672269,0.260869565217391,0
0.405632228584246,0.330299591842536,0.496221662468514,0.0729166666666667,0.577319587628866,0.0196078431372549,0.173913043478261,1
0.605581564439185,0.869609917065625,0.874055415617129,0.145833333333333,0.536082474226804,0.68375350140056,0.782608695652174,0
0.485200075029345,0.477816653677326,0.269521410579345,0.09375,0.587628865979382,0.151260504201681,0.434782608695652,1
0.287020116759583,0.573865130371132,0.496221662468514,0.260416666666667,0.556701030927835,0.179271708683473,1,1
0.232246761458895,0.35967129466221,0.476070528967254,0.708333333333333,0.54639175257732,0.189075630252101,0.0434782608695652,0
0.431716528307141,0.593372830405007,0.571788413098237,0.375,0.587628865979382,0.588235294117647,0.217391304347826,1
0.58737341215282,0.832184033296931,0.617128463476071,0.21875,0.824742268041237,0.69187675070028,0.652173913043478,1
0.260829461006979,0.648778488704011,0.297229219143577,0.6875,0.54639175257732,0.134453781512605,0.391304347826087,1
0.497303391210351,0.607017560483346,0.476070528967254,0.03125,0.628865979381443,0.700280112044818,0.869565217391304,1
0.553149975538113,0.767653461758038,0.513853904282116,0.145833333333333,0.628865979381443,0.249299719887955,0.91304347826087,1
0.751997076176056,0.82874442425635,0.269521410579345,0.0729166666666667,0.536082474226804,0.523529411764706,0.478260869565217,0
0.415830804960445,0.326478593645251,0.554156171284635,0.625,0.618556701030928,0.515406162464986,0.0434782608695652,0
0.562056809589833,0.933491416375098,0.566750629722922,0.260416666666667,0.54639175257732,0.11624649859944,0.739130434782609,0
0.60632412290116,0.861399390251125,0.700251889168766,0.5625,0.463917525773196,0.551820728291317,0.565217391304348,1
0.590351380984702,0.978346097630886,0.7455919395466,0.541666666666667,0.453608247422681,0.599439775910364,0.695652173913043,1
0.284425029634657,0.343207601251714,0.380352644836272,0.447916666666667,0.54639175257732,0.16890756302521,0.173913043478261,0
0.545852018154007,0.902006675494681,0.712846347607053,0.15625,0.494845360824742,0.710084033613445,0.608695652173913,0
0.519837333286923,0.521766424014725,0.506297229219144,0.135416666666667,0.608247422680413,0.764705882352941,1,1
0.381102660641114,0.167988894705797,0.518891687657431,0.145833333333333,0.54639175257732,0.171148459383754,0.130434782608696,0
0.540714055046013,0.866082659585304,0.561712846347607,0.197916666666667,0.556701030927835,0.107843137254902,0.782608695652174,0
0.383465698246672,0.83991604700799,0.289672544080605,0.125,0.515463917525773,0.143137254901961,0.608695652173913,0
0.500321968708122,0.969581253656953,0.518891687657431,0.333333333333333,0.536082474226804,0.224089635854342,0.304347826086957,1
0.512748220470248,0.806465138425313,0.45088161209068,0.3125,0.536082474226804,0.496638655462185,0.826086956521739,0
0.620848489067567,0.879514190756169,0.493702770780856,0.6875,0.525773195876289,0.223249299719888,0.434782608695652,0
0.315720774813345,0.22160131330527,0.52896725440806,0.1875,0.587628865979382,0.599439775910364,0.130434782608696,1
0.581558637946671,0.958286449314329,0.574307304785894,0.583333333333333,0.587628865979382,0.593837535014006,0.652173913043478,1
0.558289872392102,0.97643204521712,0.488664987405542,0.104166666666667,0.577319587628866,0.596638655462185,0.304347826086957,1
0.436535423326004,0.569418748711923,0.481108312342569,0.1875,0.556701030927835,0.226890756302521,0.956521739130435,1
0.55637933134931,0.961737902738659,0.367758186397985,0.0625,0.649484536082474,0.683193277310924,0.652173913043478,0
0.406330310888344,0.874042085464335,0.377833753148615,0.385416666666667,0.556701030927835,0.115966386554622,0.739130434782609,0
0.681908452597118,0.828512274334879,0.564231738035264,0.177083333333333,0.845360824742268,0.787394957983193,0.826086956521739,0
0.270896542655536,0.736533527897077,0.594458438287154,0.333333333333333,0.54639175257732,0.168067226890756,0.956521739130435,1
0.535434928480404,0.914398269772422,0.428211586901763,0.520833333333333,0.618556701030928,0.630252100840336,0.739130434782609,1
0.527792764309237,0.778040986305524,0.551637279596977,0.677083333333333,0.65979381443299,0.546778711484594,0.826086956521739,0
0.516718200997426,0.897728484084702,0.239294710327456,0.135416666666667,0.618556701030928,0.0532212885154062,0.565217391304348,1
0.752463108960786,0.880629931705283,0.465994962216625,0.0729166666666667,0.742268041237114,0.481792717086835,0.739130434782609,1
0.172582962537539,0.131472659608993,0.277078085642317,0.427083333333333,0.567010309278351,0.179831932773109,0.0869565217391304,0
0.48099030999882,0.967918302178656,0.496221662468514,0.9375,0.567010309278351,0.593557422969188,0.695652173913043,0
0.602578456909371,0.479335103673891,0.453400503778338,0.104166666666667,0.680412371134021,0.938375350140056,0.260869565217391,1
0.150387426010044,0.513167401413272,0.609571788413098,0.416666666666667,0.556701030927835,0.26890756302521,0,1
0.581558637946671,0.41864448134628,0.443324937027708,0.166666666666667,0.835051546391753,0.453781512605042,0,0
0.5303743152122,0.578894255710769,0.607052896725441,0.0520833333333333,0.567010309278351,0.243697478991597,0.217391304347826,1
0.564222605103929,0.99236274135893,0.6272040302267,0.09375,0.690721649484536,0.736694677871149,0.695652173913043,1
0.577584789927504,0.877171371650704,0.707808564231738,0.0520833333333333,0.567010309278351,0.304481792717087,0.782608695652174,0
0.641703939620715,0.979447625319502,0.493702770780856,0.322916666666667,0.690721649484536,0.689075630252101,0.304347826086957,1
0.522908121926553,0.318647087110705,0.3727959697733,0.34375,0.752577319587629,0.209243697478992,0.217391304347826,0
0.331710920443756,0.569418748711923,0.36272040302267,0.364583333333333,0.567010309278351,0.174509803921569,0.304347826086957,0
0.250211261749924,0.698906289604658,0.591939546599496,0.479166666666667,0.54639175257732,0.635854341736695,0.434782608695652,1
0.420411849221957,0.154448395204446,0.375314861460957,0.0625,0.54639175257732,0.865546218487395,0.0434782608695652,0
0.381102660641114,0.383537727915554,0.307304785894207,0.5,0.54639175257732,0.224089635854342,0.217391304347826,1
0.503713759182876,0.154448395204446,0.443324937027708,0.0833333333333333,0.793814432989691,0.80952380952381,0.0869565217391304,1
0.0215071229533715,0.319639646468834,0.443324937027708,0.427083333333333,0.597938144329897,0.0106442577030812,0.173913043478261,0
0.623582805904113,0.886950094873514,0.617128463476071,0.104166666666667,0.54639175257732,0.23249299719888,0.347826086956522,1
0.481933978044248,0.726785600072014,0.405541561712846,0.489583333333333,0.556701030927835,0.180112044817927,0.91304347826087,0
0.109832905008595,0.180797411291488,0.365239294710327,0.625,0.54639175257732,0.120728291316527,0.217391304347826,0
0.683074501431939,0.876510455037535,0.214105793450882,0.145833333333333,0.618556701030928,0.192717086834734,0.260869565217391,0
0.515140264265728,0.375064255781836,0.415617128463476,0.0729166666666667,0.608247422680413,0.585434173669468,0.217391304347826,1
0.334756570385454,0.160346898311228,0.53904282115869,0.489583333333333,0.54639175257732,0.218487394957983,0.130434782608696,1
0.597728621954592,0.901241528304524,0.826196473551637,0.8125,0.34020618556701,0.580112044817927,0.565217391304348,0
0.560183009720941,0.958954472557747,0.370277078085642,0.260416666666667,0.587628865979382,0.141176470588235,0.652173913043478,0
0.416492146090642,0.387292397563847,0.47103274559194,0.0104166666666667,0.577319587628866,0.400560224089636,0.0434782608695652,1
0.53507718547138,0.687438557259304,0.0604534005037784,0.239583333333333,0.649484536082474,0.198879551820728,0.91304347826087,1
0.558289872392102,0.827931899531199,0.382871536523929,0.270833333333333,0.731958762886598,0.591036414565826,0.826086956521739,1
0.345529469322087,0.721756474732376,0.292191435768262,0.78125,0.54639175257732,0.131652661064426,0.434782608695652,1
0.557655603705831,0.810243496841103,0.267002518891688,0,0.536082474226804,0.803921568627451,0.565217391304348,1
0.256350905283187,0.332187586612056,0.430730478589421,0.75,0.587628865979382,0.00280112044817927,0.173913043478261,1
0.0542029002322429,0.410682686590499,0.632241813602015,0.34375,0.567010309278351,0.131652661064426,0.0434782608695652,1
0.454153783083977,0.75819453689644,0.345088161209068,0.447916666666667,0.587628865979382,1,0.869565217391304,1
0.645780276177603,0.959553798375424,0.36272040302267,0.114583333333333,0.577319587628866,0.235294117647059,0.652173913043478,1
0.611448549787191,0.854036921313021,0.337531486146096,0.03125,0.567010309278351,0.249299719887955,0.260869565217391,1
0.428641872175522,0.632153711674535,0.367758186397985,0.354166666666667,0.536082474226804,0.153781512605042,0.434782608695652,0
0.0964919913909628,0.458218936326962,0.350125944584383,0.46875,0.525773195876289,0.119887955182073,0.347826086956522,0
0.594338765225833,0.831042234703571,0.707808564231738,0.135416666666667,0,0.629131652661064,0.434782608695652,0
0.411816348275389,0.692214212786723,0.526448362720403,0.291666666666667,0.628865979381443,0.624649859943978,0.91304347826087,1
0.602327069930056,0.841344479688066,0.571788413098237,0.427083333333333,0.608247422680413,0.826610644257703,0.391304347826087,0
0.341681314792577,0.666156568539896,0.574307304785894,0.541666666666667,0.515463917525773,0.661064425770308,0.347826086956522,1
0.582680210623614,0.522188084076174,0.340050377833753,0.135416666666667,0.65979381443299,0.699159663865546,0.304347826086957,0
0.649375109981803,0.97963239770598,0.564231738035264,0.0416666666666667,0.515463917525773,0.445378151260504,0.304347826086957,1
0.57027523006743,0.897294979639504,0.380352644836272,0.15625,0.577319587628866,0.61624649859944,0.739130434782609,0
0.451968650109933,0.53610286610398,0.518891687657431,0.03125,0.670103092783505,0.490196078431373,0.260869565217391,1
0.375475459796454,0.524286908876418,0.365239294710327,0.270833333333333,0.54639175257732,0.164145658263305,0.304347826086957,0
0.612649406049918,0.896603267628589,0.337531486146096,0.4375,0.54639175257732,0.207282913165266,0.347826086956522,1
0.345529469322087,0.909684205040496,0.71536523929471,0.197916666666667,0.556701030927835,0.117647058823529,0.739130434782609,1
0.615499747646148,0.878673239510021,0.692695214105793,0.0208333333333333,0.494845360824742,0.823529411764706,0.608695652173913,1
0.594338765225833,0.967662463489687,0.541561712846348,0.197916666666667,0.54639175257732,0.198879551820728,0.695652173913043,1
0.275054096544202,0.312599344768691,0.508816120906801,0.270833333333333,0.54639175257732,0.613165266106443,0.173913043478261,0
0.507047537277789,0.838700813235388,0.483627204030227,0.572916666666667,0.556701030927835,0.112324929971989,0.565217391304348,0
0.657514246873616,0.82110953449203,0.279596977329975,0.302083333333333,0.536082474226804,0.161624649859944,0.434782608695652,0
0.476687725160549,0.5683788118188,0.46095717884131,0.604166666666667,0.536082474226804,0.187394957983193,0.217391304347826,0
0.496431271766728,0.992999969204602,0.508816120906801,0.25,0.525773195876289,0.582352941176471,0.652173913043478,0
0.529272079995204,0.758038191030959,0.702770780856423,0.416666666666667,0.536082474226804,0.594117647058824,0.869565217391304,0
0.635850490494672,0.740423223520104,0.496221662468514,0.114583333333333,0.680412371134021,0.215406162464986,0.869565217391304,0
0.50329413630202,0.913834477105991,0.246851385390428,0.1875,0.536082474226804,0.128851540616246,0.608695652173913,1
0.650558562530577,0.596473690070379,0.297229219143577,0.0833333333333333,0.567010309278351,0.402801120448179,1,0
0.348366274696354,0.693649752097048,0.750629722921914,0.3125,0.793814432989691,0.842577030812325,0.956521739130435,0
0.471791480301896,0.870872528373221,0.591939546599496,0.270833333333333,0.597938144329897,0.523809523809524,0.608695652173913,1
0.437129083346386,0.825719368646969,0.979848866498741,0.40625,0.154639175257732,0.77563025210084,0.391304347826087,0
0.257855359667086,0.84057696362116,0.639798488664987,1,0.536082474226804,0.69187675070028,0.608695652173913,1
0.698873206208872,0.963839096415653,0.36272040302267,0.0520833333333333,0.597938144329897,0.686834733893557,0.652173913043478,0
0.595386855554976,0.948524308228767,0.571788413098237,0.645833333333333,0.556701030927835,0.157142857142857,0.347826086956522,0
0.392639389245665,0.663387351619483,0.513853904282116,0.40625,0.587628865979382,0.574229691876751,0.956521739130435,1
0.509511129675073,0.804553454888296,0.554156171284635,0.59375,0.577319587628866,0.529411764705882,0.565217391304348,0
0.578727633810389,0.682347841124174,0.382871536523929,0.125,0.731958762886598,0.207282913165266,0.956521739130435,1
0.552825106210999,0.963903056087895,0.365239294710327,0.0104166666666667,0.597938144329897,0.752100840336134,0.695652173913043,0
0.25330525534149,0.162279901738992,0.307304785894207,0.458333333333333,0.597938144329897,0.207002801120448,0.260869565217391,0
0.461612241385645,0.826069962405926,0.491183879093199,0.375,0.567010309278351,0.294117647058824,0.782608695652174,1
0.43232565829548,0.903359304118766,0.576826196473552,0.552083333333333,0.463917525773196,0.173669467787115,0.478260869565217,1
0.388870518301939,0.784256918896767,0.521410579345088,0.135416666666667,0.65979381443299,0.568627450980392,0.826086956521739,1
0.50746135892066,0.920595251349667,0.498740554156171,0.208333333333333,0.567010309278351,0.680672268907563,0.695652173913043,1
0.389630480477867,0.0985831748159973,0.632241813602015,0.354166666666667,0.556701030927835,0.218487394957983,0.130434782608696,1
0.582399817454378,0.911484551370277,0.428211586901763,0.333333333333333,0.608247422680413,0.0910364145658263,0.739130434782609,0
0.319025546718336,0.736533527897077,0.498740554156171,0.416666666666667,0.556701030927835,0.174509803921569,0.869565217391304,0
0.617611398272391,0.977111912844287,0.468513853904282,0.333333333333333,0.536082474226804,0.210084033613445,0.304347826086957,1
0.564222605103929,0.815921694410161,0.680100755667506,0.15625,0.463917525773196,0.296918767507003,0.521739130434783,1
0.372182290367431,0.621308993914356,0.397984886649874,0.177083333333333,0.463917525773196,0.643697478991597,0.391304347826087,0
0.232246761458895,0.10357202925089,0.370277078085642,0.114583333333333,0.54639175257732,0.20952380952381,0.130434782608696,0
0.541752476645183,0.670027313148924,0.279596977329975,0.104166666666667,0.793814432989691,0.65546218487395,0.826086956521739,1
0.578727633810389,0.822064191822164,0.476070528967254,0.0520833333333333,0.731958762886598,0.311764705882353,0.91304347826087,0
0.433538117034175,0.417336861380439,0.695214105793451,0.0729166666666667,0.577319587628866,0.419047619047619,0.0434782608695652,0
0.311222881629606,0.358832712292812,0.584382871536524,0.229166666666667,0.628865979381443,0.635854341736695,0.0434782608695652,1
0.235640485679644,0.541991893703762,0.55919395465995,0.385416666666667,0.556701030927835,0.185434173669468,1,0
0.569080175042687,0.884131131541357,0.501259445843829,0.197916666666667,0.577319587628866,0.630252100840336,0.260869565217391,1
0.579864676455289,0.411355447587417,0.453400503778338,0.03125,0.731958762886598,0.392156862745098,0,1
0.654261686110483,0.875470518144411,0.554156171284635,0.208333333333333,0.608247422680413,0.0168067226890756,0.608695652173913,1
0.0784056651022662,0.326478593645251,0.506297229219144,0.416666666666667,0.577319587628866,0.431372549019608,0.130434782608696,1
0.594862810390404,0.964490537521823,0.52896725440806,0.322916666666667,0.597938144329897,0.515406162464986,0.652173913043478,1
0.292109736217709,0.472676191130452,0.581863979848867,0.270833333333333,0.618556701030928,0.543417366946779,0,1
0.710758009092474,0.912865606515359,0.17632241813602,0.291666666666667,0.587628865979382,0.215126050420168,0.347826086956522,0
0.551187223353464,0.89798669165042,0.536523929471033,0.229166666666667,0.556701030927835,0.588235294117647,0.347826086956522,1
0.541406336112126,0.849739778889044,0.415617128463476,0.302083333333333,0.54639175257732,0.106162464985994,0.260869565217391,0
0.585455136126049,0.907706192954487,0.425692695214106,0.354166666666667,0.556701030927835,0.108683473389356,0.608695652173913,0
0.469797788181331,0.826536631125619,0.596977329974811,0.270833333333333,0.670103092783505,0.532212885154062,0.826086956521739,1
0.588189452962596,0.248499908798245,0.400503778337531,0.197916666666667,0.711340206185567,0.607843137254902,0.0869565217391304,1
0.628714967774123,0.749313617961771,0.740554156171285,0.208333333333333,0.608247422680413,0.233893557422969,0.91304347826087,0
0.376289566860235,0.874994373917719,0.924433249370277,0.354166666666667,0.34020618556701,0.677871148459384,0.652173913043478,0
0.305450649835341,0.650500662101052,0.609571788413098,0.697916666666667,0.618556701030928,0.529411764705882,0.869565217391304,1
0.477652664411919,0.908450020253896,0.652392947103275,0.260416666666667,0.628865979381443,0.882352941176471,0.652173913043478,1
0.514743846336808,0.661989714337153,0.629722921914358,0.0208333333333333,0.34020618556701,0.19327731092437,0.347826086956522,1
0.605332111205865,0.842436531869683,0.55919395465995,0.270833333333333,0.525773195876289,0.201680672268908,0.391304347826087,1
0.616675465210943,0.730312857552334,0.423173803526448,0.15625,0.670103092783505,0,0.869565217391304,1
0.360200800184093,0.169862676214819,0.662468513853904,0.333333333333333,0.567010309278351,0.223529411764706,0.130434782608696,0
0.609998240291145,0.963839096415653,0.387909319899244,0.177083333333333,0.865979381443299,0.587394957983193,0.695652173913043,0
0.512748220470248,0.648532125522041,0.488664987405542,0.125,0.54639175257732,0.642857142857143,0.956521739130435,0
0.547199839112333,0.868148320111053,0.670025188916877,0.395833333333333,0.536082474226804,0.575910364145658,0.521739130434783,0
0.573817852729772,0.389516772831826,0.458438287153652,0.0104166666666667,0.752577319587629,0.667787114845938,0.0434782608695652,0
0.363700880434551,0.969327783844735,0.760705289672544,0.541666666666667,0.298969072164949,0.642577030812325,0.304347826086957,0
0.573817852729772,0.849315749950846,0.219143576826197,0.25,0.628865979381443,0.212885154061625,0.869565217391304,1
0.586278911919804,0.884315903927835,0.345088161209068,0.239583333333333,0.54639175257732,0.675350140056022,0.347826086956522,0
0.378710616845635,0.656313885644844,0.433249370277078,0.46875,0.54639175257732,0.196078431372549,0.956521739130435,1
0.290848933829146,0.725537202024916,0.644836272040302,0.395833333333333,0.597938144329897,0.439775910364146,0.91304347826087,1
0.591954456414332,0.869998412852578,0.448362720403023,0.0520833333333333,0.670103092783505,0.218487394957983,0.739130434782609,1
0.361958575293301,0.334989967806965,0.433249370277078,0.197916666666667,0.731958762886598,0.588235294117647,0,1
0.612649406049918,0.903698053493975,0.36272040302267,0.104166666666667,0.536082474226804,0.666666666666667,0.608695652173913,1
0.39114073609975,0.255099599422942,0.63727959697733,0.125,0.556701030927835,0.219887955182073,0.0434782608695652,0
0.590082590291435,0.781310036220126,0.496221662468514,0.125,0.783505154639175,0.759383753501401,0.826086956521739,0
0.301902225935015,0.596165736092917,0.324937027707809,0.166666666666667,0.525773195876289,0.202240896358543,0.956521739130435,0
0.497303391210351,0.877171371650704,0.629722921914358,0.416666666666667,0.54639175257732,0.0795518207282913,0.521739130434783,0
0.566361328174099,0.248499908798245,0.425692695214106,0.0104166666666667,0.670103092783505,0.507282913165266,0.173913043478261,0
0.55085848653436,0.570795066103506,0.448362720403023,0.177083333333333,0.639175257731959,0.192156862745098,1,0
0.606571642388486,0.833548506304765,0.594458438287154,0.125,0.443298969072165,0.67563025210084,0.565217391304348,0
0.357532230711367,0.827003299845312,0.680100755667506,0.260416666666667,0.443298969072165,0.367226890756303,0.521739130434783,0
0.304274932270547,0.117932160107642,0.226700251889169,0.270833333333333,0.639175257731959,0.198879551820728,0.217391304347826,1
0.458980413086819,0.791531739395131,0.380352644836272,0.0416666666666667,0.577319587628866,0.456862745098039,0.826086956521739,0
0.644565883692913,0.857746582303069,0.365239294710327,0.177083333333333,0.54639175257732,0.23249299719888,0.608695652173913,1
0.673881472972999,0.805448890299687,0.307304785894207,0.3125,0.556701030927835,0.163865546218487,0.521739130434783,0
0.596951256064711,0.890804257345295,0.342569269521411,0.458333333333333,0.54639175257732,0.126610644257703,0.347826086956522,0
0.457918786535713,0.63400143553931,0.234256926952141,0.34375,0.587628865979382,0.198879551820728,0.304347826086957,1
0.564835602584258,0.870289784692792,0.682619647355164,0.4375,0.536082474226804,0.563585434173669,0.782608695652174,0
0.347424540396921,0.908779294122106,0.55919395465995,0.302083333333333,0.680412371134021,0.745098039215686,0.739130434782609,1
0.377099806432026,0.660348082749602,0.589420654911839,0.447916666666667,0.577319587628866,0.551820728291317,0.956521739130435,1
0.59617002268284,0.870678280479745,0.35264483627204,0.5625,0.536082474226804,0.221288515406162,0.739130434782609,1
0.501174750691798,0.801720278295641,0.478589420654912,0.28125,0.474226804123711,0.24593837535014,0.434782608695652,0
0.312357990528512,0.791936817319332,0.740554156171285,0.239583333333333,0.195876288659794,0.728291316526611,0.478260869565217,1
0.505804138603178,0.271442480119202,0.120906801007557,0.364583333333333,0.577319587628866,0.215686274509804,0.173913043478261,1
0.509103109270185,0.952942263366979,0.604534005037783,0.28125,0.567010309278351,0.649859943977591,0.608695652173913,1
0.584904018517552,0.589599209742716,0.47103274559194,0.0104166666666667,0.762886597938145,0.336974789915966,0.91304347826087,0
0.336759931235992,0.557012941173684,0.576826196473552,0.302083333333333,0.670103092783505,0.605042016806723,1,1
0.639425986838925,0.822064191822164,0.534005037783375,0.104166666666667,0.577319587628866,0.647058823529412,0.478260869565217,1
0.385026231264418,0.721574071222648,0.317380352644836,0.552083333333333,0.536082474226804,0.177871148459384,0.91304347826087,0
0.367987995304865,0.187816393100883,0.619647355163728,0.375,0.54639175257732,0.196078431372549,0.0434782608695652,0
0.440656236040771,0.735337245138473,0.670025188916877,0.364583333333333,0.731958762886598,0.576750700280112,0.91304347826087,0
0.635850490494672,0.81469935400731,0.329974811083123,0.333333333333333,0.54639175257732,0.176750700280112,0.478260869565217,0
0.414502321462067,0.836249025799437,0.531486146095718,0.229166666666667,0.536082474226804,0.164705882352941,0.391304347826087,0
0.619929959720071,0.59770313710348,0.375314861460957,0.0208333333333333,0.680412371134021,0.906442577030812,1,0
0.544496462211703,0.938487377440239,0.848866498740554,0.166666666666667,0.0309278350515465,0.668627450980392,0.347826086956522,0
0.565141134451425,0.428863815644536,0.272040302267003,0.0625,0.65979381443299,0.307282913165266,0.217391304347826,0
0.145088961984487,0.309515067240566,0.644836272040302,0.458333333333333,0.556701030927835,0.0714285714285714,0.0434782608695652,0
0.491569834335981,0.863701938451844,0.523929471032746,0.354166666666667,0.484536082474227,0.587394957983193,0.521739130434783,0
0.540017906487911,0.536896439815133,0.322418136020151,0.09375,0.690721649484536,0.200840336134454,1,0
0.361080654611694,0.88312435892273,0.632241813602015,0.510416666666667,0.536082474226804,0.187675070028011,0.782608695652174,1
0.550527815969261,0.759746151167501,0.0982367758186399,0.0520833333333333,0.556701030927835,0.588235294117647,0.695652173913043,0
0.525553486447341,0.834112298971197,0.589420654911839,0.427083333333333,0.494845360824742,0.635854341736695,0.521739130434783,1
0.426773873544614,0.837367135625301,0.554156171284635,0.270833333333333,0.618556701030928,0.0588235294117647,0.739130434782609,1
0.464721704945169,0.852369232081224,0.410579345088161,0.395833333333333,0.54639175257732,0.167787114845938,0.782608695652174,0
0.513148505891157,0.789769295093346,0.397984886649874,0.114583333333333,0.54639175257732,0.675070028011205,0.826086956521739,1
0.354828853810737,0.493548364172161,0.617128463476071,0.3125,0.742268041237114,0.689075630252101,1,1
0.519837333286923,0.826188406243412,0.642317380352645,0.25,0.567010309278351,0.492997198879552,0.782608695652174,1
0.5303743152122,0.310547897503441,0.445843828715365,0.135416666666667,1,0.263305322128852,0.217391304347826,1
0.591954456414332,0.78299667646592,0.209068010075567,0.395833333333333,0.536082474226804,0.166946778711485,0.478260869565217,0
0.571166686970999,0.256397743881783,0.143576826196474,0.0833333333333333,0.721649484536083,0.609243697478992,0.0869565217391304,0
0.588189452962596,0.62324199734212,0.350125944584383,0.135416666666667,0.628865979381443,0.730812324929972,0.347826086956522,0
0.538969816158768,0.581535553286698,0.523929471032746,0.15625,0.567010309278351,0.174229691876751,0.217391304347826,0
0.37301186739917,0.401742545737088,0.584382871536524,0.416666666666667,0.587628865979382,0.563025210084034,0,1
0.574693839665385,0.946844774613222,0.599496221662469,0.260416666666667,0.587628865979382,0.579831932773109,0.304347826086957,1
0.44582900657667,0.144281176194684,0.541561712846348,0.21875,0.618556701030928,0.218487394957983,0.0869565217391304,1
0.611688334290537,0.892047917638893,0.3727959697733,0.28125,0.556701030927835,0.205322128851541,0.608695652173913,0
0.33068603506655,0.916402339502678,0.775818639798489,0.53125,0.412371134020619,0.649859943977591,0.695652173913043,1
0.394867064631592,0.189538566497924,0.579345088161209,0.197916666666667,0.577319587628866,0.224089635854342,0.0434782608695652,1
0.311222881629606,0.243084656548404,0.546599496221662,0.125,0.556701030927835,0.495798319327731,0.0869565217391304,1
0.562679475800136,0.865886042815079,0.589420654911839,0.645833333333333,0.443298969072165,0.10952380952381,0.391304347826087,0
0.499034093875633,0.848361092620712,0.521410579345088,0.291666666666667,0.556701030927835,0.215686274509804,0.391304347826087,1
0.560809543423233,0.973942355753173,0.425692695214106,0.53125,0.54639175257732,0.157422969187675,0.695652173913043,0
0.682575594965299,0.8767947202475,0.55919395465995,0.0520833333333333,0.711340206185567,0.240056022408964,0.782608695652174,0
0.614790062866082,0.84254550020017,0.483627204030227,0.458333333333333,0.43298969072165,0.157422969187675,0.391304347826087,0
0.288304124100083,0.846546533030433,0.758186397984887,0.729166666666667,0.34020618556701,0.599439775910364,0.565217391304348,1
0.320116179459363,0.267770721157149,0.569269521410579,0.833333333333333,0.587628865979382,0.605042016806723,0.173913043478261,1
0.411137603431239,0.912053081790208,0.591939546599496,0.260416666666667,0.587628865979382,0.53781512605042,0.695652173913043,1
0.56143414337953,0.308479868100943,0.27455919395466,0.229166666666667,0.649484536082474,0.980392156862745,0.0434782608695652,1
0.632855117948837,0.745895328811937,0.287153652392947,0.104166666666667,0.65979381443299,0.23249299719888,0.869565217391304,1
0.50746135892066,0.817018484345278,0.329974811083123,0.489583333333333,0.54639175257732,0.224089635854342,0.695652173913043,1
0.425516938648041,0.875183884057696,0.874055415617129,0.291666666666667,0.402061855670103,0.720728291316527,0.695652173913043,0
0.55085848653436,0.959153458204723,0.418136020151133,0.28125,0.690721649484536,0.617647058823529,0.695652173913043,0
0.601313787028819,0.950950038020472,0.397984886649874,0.385416666666667,0.525773195876289,0.215686274509804,0.304347826086957,1
0.58737341215282,0.807604568141924,0.413098236775819,0.145833333333333,0.484536082474227,0.694677871148459,0.521739130434783,1
0.77594652032077,0.957549728645168,0.430730478589421,0.166666666666667,0.88659793814433,0.226890756302521,0.304347826086957,1
0.551187223353464,0.937978068939051,0.125944584382872,0.291666666666667,0.556701030927835,0.210084033613445,0.304347826086957,1
0.576432277314646,0.696293418549726,0.473551637279597,0.28125,0.65979381443299,0.246498599439776,0.869565217391304,1
0.448642606999,0.848891721012647,0.866498740554156,0.354166666666667,0.525773195876289,0.376470588235294,0.652173913043478,0
0.500749326572957,0.352015085007142,0.357682619647355,0.270833333333333,0.587628865979382,0.201680672268908,0,1
0.377099806432026,0.929897830345785,0.670025188916877,0.677083333333333,0.43298969072165,0.778991596638656,0.652173913043478,0
0.579864676455289,0.790856609521463,0.629722921914358,0.96875,0.618556701030928,0.734733893557423,0.521739130434783,0
0.513148505891157,0.867068112313184,0.657430730478589,0.8125,0.505154639175258,0.610644257703081,0.608695652173913,1
0.537210107303565,0.909274389362796,0.496221662468514,0.375,0.556701030927835,0.212885154061625,0.347826086956522,1
0.388106688634021,0.442818868577087,0.685138539042821,0.239583333333333,0.556701030927835,0.224089635854342,0.173913043478261,0
0.55477238842769,0.9815203924755,0.340050377833753,0.114583333333333,0.484536082474227,0.689915966386555,0.652173913043478,0
0.369676155558263,0.184331775402057,0.244332493702771,0.375,0.597938144329897,0.213165266106443,0.130434782608696,0
0.577008533621075,0.438057426310166,0.224181360201511,0.0520833333333333,0.556701030927835,0.184033613445378,0,0
0.582680210623614,0.834112298971197,0.365239294710327,0.270833333333333,0.515463917525773,0.233333333333333,0.565217391304348,0
0.404232196484063,0.686597606013157,0.428211586901763,0.270833333333333,0.556701030927835,0.616806722689076,0.91304347826087,0
0.572937998302171,0.827586043525741,0.448362720403023,0.458333333333333,0.54639175257732,0.166386554621849,0.478260869565217,0
0.500749326572957,0.371108231609818,0.518891687657431,0.09375,0.597938144329897,0.207282913165266,0,1
0.564835602584258,0.856825089247432,0.435768261964736,0.40625,0.536082474226804,0.159663865546218,0.608695652173913,1
0.319025546718336,0.5400446770155,0.365239294710327,0.1875,0.54639175257732,0.405602240896359,1,0
0.735351390653432,0.88919815890899,0.294710327455919,0.197916666666667,0.65979381443299,0.436974789915966,0.260869565217391,1
0.0930073811084619,0.233301195572095,0.357682619647355,0.40625,0.54639175257732,0.148459383753501,0.130434782608696,1
0.320116179459363,0.722843789160494,0.591939546599496,0.489583333333333,0.494845360824742,0.207843137254902,0.347826086956522,0
0.482871844851691,0.230430116951445,0.614609571788413,0.28125,0.556701030927835,0.212885154061625,0.0869565217391304,1
0.413164169233715,0.0775143850040625,0.397984886649874,0.520833333333333,0.597938144329897,0.182072829131653,0.0869565217391304,0
0.500321968708122,0.834903503805601,0.649874055415617,0.125,0.515463917525773,0.689075630252101,0.652173913043478,0
0.520610831684815,0.385046702405121,0.282115869017632,0.0625,0.77319587628866,0.815126050420168,0.434782608695652,1
0.483805844167145,0.573865130371132,0.236775818639799,0.40625,0.536082474226804,0.215126050420168,0.217391304347826,0
0.75545848150662,0.743424590361988,0.425692695214106,0.104166666666667,0.701030927835052,0.313725490196078,0.869565217391304,1
0.712051685162947,0.964099672858121,0.201511335012594,0.322916666666667,0.587628865979382,0.22156862745098,0.695652173913043,0
0.483805844167145,0.224578991379657,0.347607052896725,0.03125,0.567010309278351,0.284873949579832,0.0434782608695652,0
0.411816348275389,0.926787495173413,0.591939546599496,0.5,0.484536082474227,0.941176470588235,0.347826086956522,1
0.597469499991298,0.949912470004098,0.629722921914358,0.197916666666667,0.288659793814433,0.68515406162465,0.347826086956522,0
0.230527661269582,0.646044804934844,0.498740554156171,0.489583333333333,0.556701030927835,0.178991596638655,0.956521739130435,0
0.634357638586741,0.80352773125567,0.544080604534005,0.322916666666667,0.618556701030928,0.117927170868347,0.826086956521739,0
0.219880455822606,0.0960508455705558,0.304785894206549,0.25,0.556701030927835,0.211484593837535,0.217391304347826,0
0.437129083346386,0.173562861697869,0.309823677581864,0.291666666666667,0.618556701030928,0.198879551820728,0.0434782608695652,1
0.553149975538113,0.812110171719876,0.36272040302267,0.520833333333333,0.556701030927835,0.159663865546218,0.608695652173913,0
0.802525859018315,0.517935950310441,0.128463476070529,0.0625,0.865979381443299,0.225490196078431,1,0
0.567875451287972,0.518364717002139,0.206549118387909,0.229166666666667,0.536082474226804,0.16890756302521,0.217391304347826,0
0.51394714298698,0.805193051610718,0.329974811083123,0.28125,0.721649484536083,0.204481792717087,0.869565217391304,1
0.55249830313789,0.857746582303069,0.622166246851385,0.59375,0.567010309278351,0.49859943977591,0.608695652173913,1
0.389630480477867,0.664081432507148,0.534005037783375,0.208333333333333,0.618556701030928,0.535014005602241,0.956521739130435,1
0.569977433184242,0.150433149113685,0.511335012594458,0,0.690721649484536,0.30952380952381,0.0869565217391304,0
0.842840595516417,0.847508296990816,0.463476070528967,0.03125,0.701030927835052,0.610644257703081,0.478260869565217,1
0.232246761458895,0.369509239803762,0.7455919395466,0.09375,0.134020618556701,0.797198879551821,0.260869565217391,0
0.596951256064711,0.831956621128959,0.211586901763224,0.40625,0.536082474226804,0.158543417366947,0.608695652173913,0
0.600041382164287,0.840465626413923,0.54911838790932,0.145833333333333,0.670103092783505,0.69187675070028,0.565217391304348,1
0.248644927494194,0.278620176670828,0.453400503778338,0.260416666666667,0.556701030927835,0.207282913165266,0.173913043478261,1
0.610725328785163,0.717729384257866,0.551637279596977,0.145833333333333,0.608247422680413,0.246498599439776,0.91304347826087,1
0.481933978044248,0.914076102534461,0.410579345088161,0.40625,0.54639175257732,0.210084033613445,0.739130434782609,0
0.576144149161431,0.911238188188307,0.654911838790932,0.145833333333333,0.536082474226804,0.456582633053221,0.347826086956522,1
0.598244932135184,0.857133043224894,0.523929471032746,0.666666666666667,0.587628865979382,0.152941176470588,0.391304347826087,0
0.402820561907911,0.327440357605634,0.433249370277078,0.53125,0.608247422680413,0.240896358543417,0.0434782608695652,1
0.540365980766962,0.372697747908874,0.536523929471033,0.09375,0.731958762886598,0.512605042016807,0,1
0.397067667573594,0.353737258404182,0.624685138539043,0.333333333333333,0.556701030927835,0.192997198879552,0.173913043478261,0
0.396336711587586,0.687438557259304,0.581863979848867,0.260416666666667,0.577319587628866,0.205882352941176,0.869565217391304,0
0.521761410551678,0.900988058492305,0.261964735516373,0.239583333333333,0.597938144329897,0.135574229691877,0.739130434782609,0
0.548537991340685,0.821467234881236,0.591939546599496,0.270833333333333,0.54639175257732,0.210084033613445,0.434782608695652,1
0.342650121535936,0.73585129139316,0.413098236775819,0.604166666666667,0.536082474226804,0.170588235294118,0.869565217391304,0
0.55217150006478,0.824193812020154,0.607052896725441,0.53125,0.494845360824742,0.148179271708683,0.434782608695652,0
0.57027523006743,0.883491534818935,0.6272040302267,0.333333333333333,0.54639175257732,0.210084033613445,0.260869565217391,1
0.554449452846571,0.820512577551102,0.657430730478589,0.604166666666667,0.505154639175258,0.661064425770308,0.565217391304348,1
0.300705237164277,0.175391634548646,0.521410579345088,0.28125,0.618556701030928,0.602240896358543,0.0434782608695652,1
0.584904018517552,0.965530474414947,0.556675062972292,0.3125,0.536082474226804,0.139775910364146,0.652173913043478,0
0.265207461939044,0.421885104739885,0.26448362720403,0.364583333333333,0.54639175257732,0.130252100840336,0,0
0.369676155558263,0.302162073809462,0.501259445843829,0.0625,0.628865979381443,0.185994397759104,0.173913043478261,0
0.356634972569813,0.574879009620008,0.561712846347607,0.260416666666667,0.670103092783505,0.669467787114846,0.956521739130435,1
0.557336535616701,0.917437538642302,0.576826196473552,0.447916666666667,0.536082474226804,0.596638655462185,0.695652173913043,1
0.383465698246672,0.781167903615143,0.387909319899244,0.479166666666667,0.515463917525773,0.215406162464986,0.478260869565217,0
0.55637933134931,0.785645080672098,0.355163727959698,0.5,0.536082474226804,0.128571428571429,0.521739130434783,0
0.478611802425304,0.818951487773043,0.732997481108312,0.1875,0.608247422680413,0.595238095238095,0.826086956521739,0
0.398521844561629,0.867167605136672,0.468513853904282,0.25,0.54639175257732,0.224089635854342,0.739130434782609,1
0.488410093380594,0.917278823900071,0.589420654911839,0.239583333333333,0.587628865979382,0.53781512605042,0.652173913043478,1
0.501174750691798,0.701490734138593,0.486146095717884,0.0833333333333333,0.608247422680413,0.820728291316527,0.91304347826087,1
0.531470749191211,0.709270125384646,0.612090680100756,0.125,0.65979381443299,0.177591036414566,0.956521739130435,0
0.715596241571284,0.931101219734638,0.526448362720403,0.104166666666667,0.608247422680413,0.420168067226891,0.347826086956522,1
0.322276173735475,0.862602779639978,1,0.4375,0.185567010309278,0.792997198879552,0.434782608695652,0
0.497303391210351,0.690357013414949,0.45088161209068,0.25,0.680412371134021,0.198879551820728,0.91304347826087,1
0.254832914677325,0.436247604473387,0.748110831234257,0.177083333333333,0.577319587628866,0.423529411764706,0.0869565217391304,0
0.232246761458895,0.637651874610616,0.649874055415617,0.364583333333333,0.556701030927835,0.158263305322129,0.347826086956522,0
0.599786127692983,0.960615055159295,0.571788413098237,0.1875,0.587628865979382,0.490196078431373,0.304347826086957,1
0.406330310888344,0.731883422837393,0.448362720403023,0.333333333333333,0.587628865979382,0.151540616246499,0.956521739130435,0
0.53183429343822,0.866478262002506,0.486146095717884,0.1875,0.618556701030928,0.610364145658263,0.260869565217391,0
0.793909086865804,0.129269604231761,0.10831234256927,0.0208333333333333,0.793814432989691,0.715406162464986,0.130434782608696,0
0.0999147218016324,0.0450939378075097,0.511335012594458,0.208333333333333,0.556701030927835,0.204481792717087,0.0869565217391304,1
0.633715634916491,0.955664102752398,0.413098236775819,0.145833333333333,0.670103092783505,0.187675070028011,0.304347826086957,1
0.602829843888686,0.970981259816033,0.327455919395466,0.229166666666667,0.556701030927835,0.238095238095238,0.695652173913043,1
0.496431271766728,0.870581156533007,0.531486146095718,0.489583333333333,0.567010309278351,0.372549019607843,0.260869565217391,1
0.505804138603178,0.721029229570215,0.335012594458438,0.239583333333333,0.567010309278351,0.188795518207283,0.91304347826087,0
0.634144926527321,0.890981923101523,0.564231738035264,0.0833333333333333,0.783505154639175,0.092156862745098,0.782608695652174,0
0.607801504841133,0.836362731883423,0.544080604534005,0.166666666666667,0.762886597938145,0.736694677871149,0.782608695652174,0
0.479089437686002,0.776316444031733,0.420654911838791,0.322916666666667,0.54639175257732,0.115126050420168,0.869565217391304,0
0.683573407898579,0.842981373522117,0.513853904282116,0.15625,0.443298969072165,0.747899159663866,0.391304347826087,1
0.646984999932319,0.93724845490014,0.292191435768262,0.114583333333333,0.54639175257732,0.673109243697479,0.608695652173913,0
0,0.482345946022774,0.375314861460957,0.375,0.587628865979382,0.080952380952381,0,0
1,0.816288870306367,0.35264483627204,0.0520833333333333,0.690721649484536,0.238655462184874,0.565217391304348,0
0.583517522639331,0.686175945951708,0.125944584382872,0.270833333333333,0.567010309278351,0.22436974789916,0.91304347826087,0
0.648781449961422,0.910994193883087,0.6272040302267,0.40625,0.494845360824742,0.221288515406162,0.347826086956522,1
0.524801259255392,0.399629507676345,0.239294710327456,0.1875,0.618556701030928,0.215686274509804,0.0869565217391304,1
0.523287136141519,0.587687526205699,0.649874055415617,0.03125,0.690721649484536,0.530532212885154,1,0
0.408405220340687,0.764945835633118,0.579345088161209,0.21875,0.587628865979382,0.208963585434174,0.826086956521739,0
0.334756570385454,0.753001959061072,0.856423173803526,0.135416666666667,0.329896907216495,0.776470588235294,0.565217391304348,0
0.450866414892938,0.233301195572095,0.486146095717884,0.0833333333333333,0.721649484536083,0.128851540616246,0.130434782608696,1
0.284425029634657,0.341404886045184,0.589420654911839,0.135416666666667,0.618556701030928,0.610644257703081,0.0434782608695652,1
0.600041382164287,0.577231304232472,0.438287153652393,0.1875,0.752577319587629,0.534733893557423,0.217391304347826,0
0.707269531317983,0.879980859475862,0.478589420654912,0.270833333333333,0.752577319587629,0.775910364145658,0.739130434782609,1
0.646182495344507,0.84057696362116,0.390428211586902,0.104166666666667,0.587628865979382,0.22436974789916,0.565217391304348,0
0.577296661774289,0.991026694872093,0.753148614609572,0.322916666666667,0.556701030927835,0.55546218487395,0.304347826086957,0
0.385801663408305,0.331244773665671,0.322418136020151,0.489583333333333,0.536082474226804,0.19047619047619,0.260869565217391,0
0.276421254962476,0.336842429425239,0.607052896725441,0.177083333333333,0.54639175257732,0.204761904761905,0.0434782608695652,0
0.603083164613995,0.932598349840456,0.55919395465995,0.208333333333333,0.525773195876289,0.0207282913165266,0.347826086956522,0
0.468289466305443,0.230430116951445,0.63727959697733,0.416666666666667,0.618556701030928,0.509243697478992,0.0434782608695652,0
0.0626108278173229,0.323571981873355,0.64735516372796,0.53125,0.711340206185567,0.708683473389356,0.217391304347826,1
0.57205427638258,0.856104950715519,0.324937027707809,0.25,0.505154639175258,0.233613445378151,0.391304347826087,0
0.56575219818576,0.999493060375562,0.992443324937028,0.21875,0.309278350515464,0.638655462184874,0.652173913043478,0
0.499034093875633,0.896603267628589,0.498740554156171,0.3125,0.628865979381443,0.607843137254902,0.782608695652174,0
0.55217150006478,0.824899737291569,0.465994962216625,0.375,0.536082474226804,0.202521008403361,0.391304347826087,0
0.372182290367431,0.625433208335604,0.297229219143577,0.3125,0.556701030927835,0.20812324929972,1,0
0.583794048316577,0.826771149923841,0.36272040302267,0.354166666666667,0.54639175257732,0.604481792717087,0.391304347826087,0
0.268073273503232,0.396784486699941,0.523929471032746,0.0729166666666667,0.690721649484536,0.831932773109244,0.217391304347826,1
0.381102660641114,0.101091815293942,0.531486146095718,0.375,0.567010309278351,0.542016806722689,0.0869565217391304,0
0.500749326572957,0.817380922487984,0.463476070528967,0.260416666666667,0.54639175257732,0.23249299719888,0.652173913043478,1
0.492463224985545,0.933415612319107,0.962216624685138,0.239583333333333,0.268041237113402,0.678991596638655,0.565217391304348,0
0.298288054670867,0.364641198083105,0.501259445843829,0.1875,0.742268041237114,0.6296918767507,0.217391304347826,0
0.384246931628543,0.324545590217487,0.574307304785894,0.427083333333333,0.711340206185567,0.705882352941177,0.173913043478261,1
0.415830804960445,0.935265705060631,0.554156171284635,0.520833333333333,0.463917525773196,0.0238095238095238,0.347826086956522,0
0.482871844851691,0.922236882937218,0.337531486146096,0.416666666666667,0.54639175257732,0.0420168067226891,0.652173913043478,1
0.684234749028776,0.823248630197019,0.370277078085642,0.260416666666667,0.556701030927835,0.207282913165266,0.391304347826087,1
0.53966983220886,0.978161325244409,0.680100755667506,0.291666666666667,0.505154639175258,0.624649859943978,0.695652173913043,1
0.595649845010259,0.739077701526267,0.201511335012594,0.541666666666667,0.556701030927835,0.169467787114846,0.391304347826087,0
0.377906178511828,0.901497366993493,0.370277078085642,0.385416666666667,0.525773195876289,0.214005602240896,0.608695652173913,0
0.0265309950476765,0.0633248132732902,0.501259445843829,0.427083333333333,0.556701030927835,0.316526610644258,0.130434782608696,1
0.615971581668861,0.838921118773111,0.395465994962217,0.135416666666667,0.628865979381443,0.177310924369748,0.826086956521739,0
0.542442823965301,0.743590411734468,0.491183879093199,0.0625,0.597938144329897,0.246498599439776,0.869565217391304,1
0.322276173735475,0.847828095352027,0.521410579345088,0.625,0.556701030927835,0.118767507002801,0.521739130434783,0
0.51394714298698,0.945508728126385,0.483627204030227,0.708333333333333,0.536082474226804,0.203361344537815,0.304347826086957,0
0.637119027867213,0.858968922705921,0.327455919395466,0.125,0.567010309278351,0.663305322128852,0.391304347826087,0
0.538969816158768,0.835014841012837,0.355163727959698,0.40625,0.536082474226804,0.274509803921569,0.782608695652174,0
0.487041001216326,0.836919417919605,0.629722921914358,0.333333333333333,0.536082474226804,0.248739495798319,0.826086956521739,0
0.481933978044248,0.820394133713617,0.763224181360201,0.635416666666667,0.536082474226804,0.65266106442577,0.521739130434783,1
0.314606937120381,0.610817238789883,0.327455919395466,0.21875,0.515463917525773,0.205882352941176,0.391304347826087,0
0.636061268808097,0.958018766241611,0.327455919395466,0.333333333333333,0.618556701030928,0.215686274509804,0.304347826086957,1
0.535790737743434,0.861096174027162,0.775818639798489,0.614583333333333,0.34020618556701,0.613445378151261,0.565217391304348,1
0.228795024858305,0.734133855749619,0.304785894206549,0.364583333333333,0.54639175257732,0.140056022408964,0.869565217391304,1
0.519837333286923,0.807099997394236,0.508816120906801,0.145833333333333,0.402061855670103,0.935574229691877,0.434782608695652,1
0.625607437960594,0.797013320193964,0.229219143576826,0.177083333333333,0.54639175257732,0.210924369747899,0.826086956521739,0
0.49599424517192,0.87942180456293,0.758186397984887,0.229166666666667,0.278350515463918,0.676750700280112,0.608695652173913,0
0.521761410551678,0.827119374806048,0.151133501259446,0.1875,0.608247422680413,0.221288515406162,0.608695652173913,1
0.376289566860235,0.876510455037535,0.916876574307305,0.333333333333333,0.381443298969072,0.706162464985994,0.695652173913043,0
0.62627651407477,0.821706491432957,0.400503778337531,0.104166666666667,0.680412371134021,0.440056022408964,0.782608695652174,0
0.329653414705365,0.162279901738992,0.536523929471033,0.166666666666667,0.587628865979382,0.566386554621849,0.0434782608695652,0
0.881260260939684,0.88731253301622,0.511335012594458,0.09375,0.701030927835052,0.266106442577031,0.608695652173913,1
0.0110513583598739,0.362994828742055,0.340050377833753,0.375,0.556701030927835,0.124649859943978,0.260869565217391,0
0.554449452846571,0.927398665374839,0.624685138539043,0.09375,0.690721649484536,0.725490196078431,0.739130434782609,1
0.465236081379766,0.717914156644344,0.44080604534005,0.135416666666667,0.54639175257732,0.176470588235294,0.91304347826087,1
0.416492146090642,0.501500683420942,0.536523929471033,0.125,0.597938144329897,0.54593837535014,1,0
0.836026074630993,0.951087432871955,0.340050377833753,0.125,0.711340206185567,0.658263305322129,0.304347826086957,1
0.273679203141951,0.0882832987082514,0.566750629722922,0.34375,0.567010309278351,0.184873949579832,0.0869565217391304,1
0.535434928480404,0.579889183945648,0.624685138539043,0.104166666666667,0.670103092783505,0.627450980392157,1,1
0.471294507581251,0.122532518755581,0.385390428211587,0.166666666666667,0.690721649484536,0.240896358543417,0.0869565217391304,1
0.310081971492717,0.202889555859298,0.327455919395466,0.416666666666667,0.54639175257732,0.212885154061625,0.173913043478261,1
0.594073842024555,0.851949940896525,0.340050377833753,0.0416666666666667,0.536082474226804,0.601120448179272,0.434782608695652,0
0.720316515544417,0.860894819503436,0.468513853904282,0.0416666666666667,0.618556701030928,0.40812324929972,0.739130434782609,0
0.283113949850231,0.486304339071542,0.692695214105793,0.46875,0.65979381443299,0.596638655462185,0,1
0.546190423703085,0.731710494834664,0.690176322418136,0.1875,0.628865979381443,0.246778711484594,0.869565217391304,0
0.407024525700451,0.327440357605634,0.727959697732998,0.197916666666667,0.701030927835052,0.0991596638655462,0.130434782608696,0
0.563915139490767,0.204505129802601,0.501259445843829,0.208333333333333,0.783505154639175,0.7703081232493,0.0434782608695652,1
0.487041001216326,0.690565474568924,0.337531486146096,0.229166666666667,0.525773195876289,0.198879551820728,0.434782608695652,1
0.591153885572514,0.76418779507321,0.52896725440806,0.0833333333333333,0.649484536082474,0.210084033613445,0.869565217391304,1
0.304274932270547,0,0.531486146095718,0.552083333333333,0.587628865979382,0.592436974789916,0.0869565217391304,0
0.470298628393966,0.862903626987191,0.622166246851385,0.229166666666667,0.453608247422681,0.658823529411765,0.521739130434783,0
0.541752476645183,0.819673995181705,0.521410579345088,0.322916666666667,0.484536082474227,0.985994397759104,0.434782608695652,1
0.428641872175522,0.357989392169915,0.120906801007557,0.0729166666666667,0.742268041237114,0.165266106442577,0.260869565217391,1
0.619005629134591,0.832638857632876,0.72544080604534,0.239583333333333,0.34020618556701,0.69327731092437,0.565217391304348,0
0.525928633170319,0.269000168190249,0.445843828715365,0.0833333333333333,0.77319587628866,0.753501400560224,0.173913043478261,1
0.579013828217608,0.740255033270874,0.64735516372796,0.21875,0.597938144329897,0.170868347338936,0.869565217391304,1
0.430492467092478,0.25248199061451,0,0.25,0.639175257731959,0.235294117647059,0.173913043478261,1
0.251764059783691,0.756318386510668,0.89168765743073,0.322916666666667,0.525773195876289,0.110644257703081,0.695652173913043,0
0.627833179600527,0.841782721886763,0.476070528967254,0.104166666666667,0.701030927835052,0.615686274509804,0.782608695652174,0
0.57205427638258,0.95457915720103,0.45088161209068,0.5,0.556701030927835,0.154621848739496,0.652173913043478,0
0.377099806432026,0.668215122435395,0.382871536523929,0.03125,0.505154639175258,0.266106442577031,0.434782608695652,1
0.657514246873616,0.714195020147297,0.428211586901763,0.1875,0.762886597938145,0.23249299719888,0.91304347826087,1
0.292109736217709,0.22160131330527,0.415617128463476,0.229166666666667,0.54639175257732,0.223249299719888,0.130434782608696,0
0.39338581519963,0.4747465894097,0.556675062972292,0.84375,0.618556701030928,0.582352941176471,0.260869565217391,0
0.387340925220109,0.647044470923222,0.347607052896725,0.291666666666667,0.54639175257732,0.235294117647059,0.956521739130435,1
0.339728231337901,0.301091341518592,0.486146095717884,0.104166666666667,0.639175257731959,0.57703081232493,0.217391304347826,1
0.506633715634917,0.241710708033572,0.241813602015113,0.104166666666667,0.597938144329897,0.210084033613445,0.0434782608695652,1
0.58737341215282,0.957011993622984,0.6272040302267,0.46875,0.525773195876289,0.165266106442577,0.608695652173913,1
0.420411849221957,0.589914270350428,0.523929471032746,0.375,0.556701030927835,0.182072829131653,0.217391304347826,1
0.419764044313723,0.78299667646592,0.692695214105793,0.177083333333333,0.309278350515464,0.558543417366947,0.478260869565217,0
0.607310333358472,0.861297528550887,0.778337531486146,0.177083333333333,0.175257731958763,0.760224089635854,0.434782608695652,0
0.20071896676084,0.307437562331069,0.496221662468514,0.364583333333333,0.54639175257732,0.215686274509804,0.173913043478261,1
0.428641872175522,0.710795682011461,0.47103274559194,0.40625,0.65979381443299,0.65266106442577,0.91304347826087,1
0.56143414337953,0.780035580528781,0.35264483627204,0.28125,0.54639175257732,0.224089635854342,0.826086956521739,1
0.339728231337901,0.654875977457769,0.47103274559194,0.0729166666666667,0.608247422680413,0.929971988795518,0.956521739130435,1
0.469296947968696,0.910913652073596,0.347607052896725,0.354166666666667,0.556701030927835,0.0392156862745098,0.739130434782609,1
0.585455136126049,0.858255890804257,0.717884130982368,0.15625,0.422680412371134,0.740336134453782,0.565217391304348,0
0.470797534860606,0.781310036220126,0.569269521410579,0.572916666666667,0.577319587628866,0.511484593837535,0.826086956521739,0
0.53507718547138,0.831499427916265,0.332493702770781,0.395833333333333,0.536082474226804,0.197478991596639,0.695652173913043,0
0.62221951497783,0.574203879746341,0.16624685138539,0.260416666666667,0.597938144329897,0.225490196078431,0.217391304347826,0
0.20470635100197,0.202889555859298,0.513853904282116,0.333333333333333,0.587628865979382,0.333333333333333,0.130434782608696,1
0.522908121926553,0.579889183945648,0.594458438287154,0.0520833333333333,0.587628865979382,0.730252100840336,0.217391304347826,0
0.412491225627549,0.702476186866474,0.584382871536524,0.322916666666667,0.577319587628866,0.53781512605042,0.91304347826087,1
0.57323192769337,0.877640409247147,0.463476070528967,0.03125,0.525773195876289,0.273669467787115,0.260869565217391,0
0.575854087262222,0.811615076479186,0.445843828715365,0.0833333333333333,0.525773195876289,0.252100840336135,0.521739130434783,1
0.230527661269582,0.736874646149035,0.768261964735516,0.40625,0.422680412371134,0.647058823529412,0.608695652173913,1
0.601313787028819,0.96501169040676,0.241813602015113,0.21875,0.556701030927835,0.2296918767507,0.304347826086957,1
0.0706706811233517,0.400335432947759,0.501259445843829,0.364583333333333,0.587628865979382,0.0868347338935574,0.173913043478261,1
0.546190423703085,0.980120386316421,0.662468513853904,0.239583333333333,0.474226804123711,0.187955182072829,0.652173913043478,0
0.276421254962476,0.220097076569203,0.292191435768262,0.302083333333333,0.54639175257732,0.182072829131653,0.826086956521739,1
0.549868408585059,0.853932690736034,0.534005037783375,0.40625,0.536082474226804,0.212605042016807,0.565217391304348,0
0.510325236738853,0.442229018266409,0.508816120906801,0.145833333333333,0.711340206185567,0.580112044817927,0,0
0.533282669188271,0.832411445464904,0.63727959697733,0.208333333333333,0.515463917525773,0.686274509803922,0.391304347826087,1
0.500749326572957,0.857234904925132,0.508816120906801,0.1875,0.54639175257732,0.403361344537815,0.695652173913043,1
0.597985810171891,0.241710708033572,0.304785894206549,0.145833333333333,0.639175257731959,0.509803921568628,0.173913043478261,1
0.409091700168816,0.364641198083105,0.63727959697733,0.21875,0.54639175257732,0.179551820728291,0.173913043478261,0
0.5303743152122,0.763275777524571,0.458438287153652,0.166666666666667,0.65979381443299,0.210084033613445,0.869565217391304,1
0.50991915007996,0.0775143850040625,0.120906801007557,0.40625,0.577319587628866,0.218487394957983,0.130434782608696,1
0.259348211575017,0.108456653108795,0.513853904282116,0.208333333333333,0.567010309278351,0.159663865546218,0.130434782608696,1
0.596692134101417,0.842109626878223,0.556675062972292,0.489583333333333,0.453608247422681,0.212885154061625,0.434782608695652,1
0.332731938328973,0.569072892706465,0.707808564231738,0.645833333333333,0.474226804123711,0.582633053221289,0.391304347826087,1
0.570573026950618,0.860087032531784,0.599496221662469,0.447916666666667,0.474226804123711,0.593837535014006,0.565217391304348,1
0.334756570385454,0.393903932572292,0.680100755667506,0.0208333333333333,0.288659793814433,0.298319327731092,0.260869565217391,0
0.543129303793429,0.955865457276123,0.586901763224181,0.583333333333333,0.597938144329897,0.574229691876751,0.695652173913043,1
