"CRIM","ZN","INDUS","CHAS","NOX","RM","AGE","DIS","RAD","TAX","PTRATIO","B","LSTAT","dist.target","dist.x.interest","nr.changed","dist.train","method","row_ids"
4.64689,0,18.1,"0",0.570200046762824,7.6439039982853,63.8803406826686,1.46478742416403,24,666,20.2,374.68,11.66,0,0.0271360331501188,4,0.0271360331501188,"random",474
4.64689,0,18.1,"0",0.614,6.98,67.6,2.5329,24,666,14.8758670457173,374.68,11.66,0,0.0435690094458485,1,0.0435690094458485,"random",474
4.64689,0,18.1,"0",0.614,6.98,93.0345294874162,2.85929624323233,24,666,20.2,374.68,5.89206356553361,0,0.0346755188863648,3,0.0346755188863648,"random",474
4.64689,0,18.1,"0",0.614,7.92293604410593,67.6,2.5329,24,666,20.2,374.68,11.66,0,0.0138979769791727,1,0.0138979769791727,"nsga2",474
4.64689,0,18.1,"0",0.614,6.98,67.6,2.5329,24,666,20.2,374.68,6.88122154684092,0,0.0101434421233636,1,0.0101434421233636,"nsga2ice",474
4.64689,0,18.1,"0",0.614,6.98,67.6,2.5329,24,666,20.2,374.68,7.5458072895794,0,0.00873279145529928,1,0.00873279145529928,"nsga2cond",474
4.64689,0,18.1,"0",0.614,6.98,67.6,2.5329,24,666,20.2,374.68,7.61036367805309,0,0.00859576397085012,1,0.00859576397085012,"nsga2condice",474
9.18702,0,18.1,"0",0.7,7.3527868486403,89.3583356239134,1.5804,24,666,13.2146171163768,396.9,4.06075070312247,0,0.133845645228753,4,0.0972999219285929,"random",383
9.18702,0,2.25260369567201,"0",0.7,5.536,76.411260798038,1.5804,24,666,16.9455788324121,396.9,4.24357465157285,0,0.131090879573878,4,0.119948514169753,"random",383
12.4502558341671,0,10.4097963038087,"0",0.7,8.7717080115336,93.343251193827,4.47774637425174,24,666,20.2,396.9,3.68704623427242,0,0.140004813111555,6,0.0918300743963665,"random",383
9.18702,1.58984935842454,18.1,"0",0.399236516586971,5.88264424955356,100,1.5804,24,666,16.3975294664502,396.9,4.85828496294096,0,0.124834361555322,5,0.0927329628043961,"random",383
9.18702,0,7.97294308280572,"0",0.479945173304528,5.536,61.2916668934282,1.5804,4.76293484354392,231.925770253874,15.5858537361957,396.9,4.05574675213546,0,0.301354263468922,7,0.0732263203490956,"random",383
9.18702,0,10.7126914925873,"0",0.626095371299423,5.536,100,1.5804,5.30168131738901,536.778131751344,13.2993182176724,396.9,9.55554613873363,0,0.200315007750436,6,0.0882984590685566,"random",383
9.18702,0,18.1,"0",0.495704175296705,6.9415896255835,100,1.5804,4.51437597791664,345.682223087177,18.0476704940666,355.665064639379,12.2577483974583,0,0.21493088662777,7,0.0877299747889323,"random",383
9.18702,0,18.1,"0",0.7,5.536,100,1.5804,24,666,20.2,396.9,2.33714237163268,0,0.0451325726531825,1,0.0308114694349891,"nsga2",383
9.18702,0,18.1,"0",0.695691192641215,5.536,100,1.5804,24,666,20.2,396.9,2.32450959483265,0,0.0458413761392767,2,0.0301562946498629,"nsga2",383
9.18702,0,18.1,"0",0.690090124948757,5.536,100,1.5804,24,666,20.2,396.9,2.33283716221515,0,0.04671022546666,2,0.0292520931091051,"nsga2",383
9.18702,0,18.1,"0",0.683448178651852,5.536,100,1.5804,24,666,20.2,396.9,2.32137370683182,0,0.0477858313650644,2,0.0282251519049754,"nsga2",383
9.18702,0,18.1,"0",0.682977743545401,5.536,100,1.5804,24,666,20.2,396.9,2.32104084571491,0,0.0478609973942544,2,0.028151398938771,"nsga2",383
9.18702,0,18.1,"0",0.678291533613594,5.536,100,1.5804,24,666,20.2,396.9,2.3237049425549,0,0.0485970662143415,2,0.0274040204869978,"nsga2",383
9.18702,0,18.1,"0",0.676098235543714,5.536,100,1.5804,24,666,20.2,396.9,2.39326274558165,0,0.0487965734117138,2,0.0269092263010589,"nsga2",383
9.18702,0,18.1,"0",0.664761290131332,5.536,100,1.5804,24,666,20.2,396.9,2.40494274722832,0,0.0505661697442098,2,0.0250900459914586,"nsga2",383
9.18702,0,18.1,"0",0.664608292924556,5.536,100,1.5804,24,666,20.2,396.9,2.40646939124907,0,0.0505871453694927,2,0.02506258945252,"nsga2",383
9.18702,0,18.1,"0",0.664554174554515,5.536,100,1.5804,24,666,20.2,396.9,2.40494274722832,0,0.0505989515702334,2,0.0250572641654351,"nsga2",383
9.18702,0,18.1,"0",0.662120302156121,5.536,100,1.5804,24,666,20.2,396.9,2.39330753599348,0,0.0510088767864327,2,0.0246967327819529,"nsga2",383
9.18702,0,18.1,"0",0.656492294335019,5.536,100,1.5804,24,666,20.2,396.9,2.36057085809363,0,0.0519691531687793,2,0.0238754302402407,"nsga2",383
9.18702,0,18.1,"0",0.7,5.05926454640579,100,1.5804,24,666,20.2,396.9,2.33453807119035,0,0.0521647259462897,2,0.023790371925726,"nsga2",383
9.18702,0,18.1,"0",0.655280932670541,5.536,100,1.5804,24,666,20.2,396.9,2.31878584196348,0,0.0522495779291085,2,0.0237723913524287,"nsga2",383
9.18702,0,18.1,"0",0.654816050092394,5.536,100,1.5804,24,666,20.2,396.9,2.31874416377318,0,0.0523232470502736,2,0.0236988991636388,"nsga2",383
9.18702,0,18.1,"0",0.654646023093166,5.536,100,1.5804,24,666,20.2,396.9,2.31874416377318,0,0.0523501585727851,2,0.0236719876411273,"nsga2",383
9.18702,0,18.1,"0",0.7,5.04205929421451,100,1.5804,24,666,20.2,396.9,2.30785479521653,0,0.0524749528966433,2,0.0235934208964703,"nsga2",383
9.18702,0,18.1,"0",0.651689426724601,5.536,100,1.5804,24,666,20.2,396.9,2.39044192613254,0,0.0526659367686635,2,0.0230518378950733,"nsga2",383
9.18702,0,18.1,"0",0.651079808486548,5.536,100,1.5804,24,666,20.2,396.9,2.34765610296177,0,0.0528532431359091,2,0.0230461660293168,"nsga2",383
9.18702,0,18.1,"0",0.648581400777941,5.536,100,1.5804,24,666,20.2,396.9,2.40641164812109,0,0.0531239713454943,2,0.022526008607814,"nsga2",383
9.18702,0,18.1,"0",0.646294989444994,5.536,100,1.5804,24,666,20.2,396.9,2.34437777457147,0,0.053617533002835,2,0.0222957933316484,"nsga2",383
9.18702,0,18.1,"0",0.644710048584944,5.536,100,1.5804,24,666,20.2,396.9,2.40494274722832,0,0.0537398388715266,2,0.0219163768641418,"nsga2",383
9.18702,0,18.1,"0",0.642942192377857,5.536,100,1.5804,24,666,20.2,396.9,2.40527355456786,0,0.0540189493310856,2,0.0216358620602988,"nsga2",383
9.18702,0,18.1,"0",0.641953592577771,5.536,100,1.5804,24,666,20.2,396.9,2.33515701144806,0,0.0543242523438491,2,0.0216282180011769,"nsga2",383
9.18702,0,18.1,"0",0.637276841692027,5.536,100,1.5804,24,666,20.2,396.9,2.34554021406655,0,0.0550424394204503,2,0.0208659521224934,"nsga2",383
9.18702,0,18.1,"0",0.636311893892131,5.536,100,1.5804,24,666,20.2,396.9,2.33022734561486,0,0.055227672483557,2,0.0207457252932622,"nsga2",383
9.18702,0,18.1,"0",0.635756810399252,5.536,100,1.5804,24,666,20.2,396.9,2.32922673680962,0,0.0553176538468598,2,0.0206599917173819,"nsga2",383
9.18702,0,18.1,"0",0.634221948958574,5.536,100,1.5804,24,666,20.2,396.9,2.33238604453584,0,0.0555538825966285,2,0.0204103510652264,"nsga2",383
9.18702,0,18.1,"0",0.629478087145303,5.536,100,1.5804,24,666,20.2,396.9,2.32150686651432,0,0.0563278234125224,2,0.0201643650186406,"nsga2",383
9.18702,0,18.1,"0",0.69933512251562,5.536,100,1.57354683471601,24,666,20.2,396.9,2.34462867919373,0,0.045269855384261,3,0.0306424058091872,"nsga2",383
9.18702,0,18.1,"0",0.695691192641215,5.536,100,1.58039602878712,24,666,20.2,396.9,2.32450959483265,0,0.0458414039178246,3,0.030156266871315,"nsga2",383
9.18702,0,18.1,"0",0.687007197033385,5.536,100,1.57186853980204,24,666,20.2,396.9,2.32450959483265,0,0.0472755384197963,3,0.0287221323693433,"nsga2",383
9.18702,0,18.1,"0",0.681877474899623,5.536,100,1.57355835069331,24,666,20.2,396.9,2.3481211556342,0,0.0480255221277047,3,0.0278719127945578,"nsga2",383
9.18702,0,18.1,"0",0.680438537755332,5.536,100,1.58039569843982,24,666,20.2,396.9,2.34765491480078,0,0.0482064366733398,3,0.0276929775358706,"nsga2",383
9.18702,0,18.1,"0",0.698902704756778,5.04205929421451,100,1.5804,24,666,20.2,396.9,2.31279597809822,0,0.0526381423609837,3,0.0234092551081289,"nsga2",383
9.18702,0,18.1,"0",0.651079808486548,5.49540726625216,100,1.5804,24,666,20.2,396.9,2.34810769191444,0,0.0534505827302285,3,0.0224469093482565,"nsga2",383
9.18702,0,18.1,"0",0.642523322080681,5.536,100,1.58048695795622,24,666,20.2,396.9,2.39767078921084,0,0.0541019931670644,3,0.0215863100440534,"nsga2",383
9.18702,0,18.1,"0",0.642523322080681,5.536,100,1.57327466036565,24,666,20.2,396.9,2.39315432778967,0,0.054160813141814,3,0.0215454468264859,"nsga2",383
9.18702,0,18.1,"0",0.679487410028611,5.03378164466005,100,1.5804,24,666,20.2,396.9,2.34455855233348,0,0.0557657405029867,3,0.0201468183932135,"nsga2",383
9.18702,0,18.1,"0",0.636225371066742,5.46382461416209,100,1.5804,24,666,20.2,396.9,2.34786406540462,0,0.0562677276851278,3,0.0196307986373282,"nsga2",383
9.18702,0,18.1,"0",0.634221948958574,5.46382461416209,100,1.5804,24,666,20.2,396.9,2.29973838795256,0,0.0566869768346972,3,0.019415852754239,"nsga2",383
9.18702,0,18.1,"0",0.664614352681217,5.01318863840575,100,1.5804,24,666,20.2,396.9,2.3485910514023,0,0.0584147791844398,3,0.0174806609349356,"nsga2",383
9.18702,0,18.1,"0",0.659709146488337,5.05034628970973,100,1.5804,24,666,20.2,396.9,2.40494274722832,0,0.0585238846024551,3,0.0171323311332134,"nsga2",383
9.18702,0,18.1,"0",0.649419561618766,5.06384313850762,100,1.5804,24,666,20.2,396.9,2.35947310434686,0,0.0600500821243103,3,0.0157991614721217,"nsga2",383
9.18702,0,18.1,"0",0.641953592577771,5.07631411657677,100,1.5804,24,666,20.2,396.9,2.33603034240089,0,0.0610977296260085,3,0.0148510332519058,"nsga2",383
9.18702,0,18.1,"0",0.641953592577771,5.05926454640579,100,1.5804,24,666,20.2,396.9,2.33715919050991,0,0.0613466279168337,3,0.0145973427717911,"nsga2",383
9.18702,0,18.1,"0",0.6433436324513,4.90645930582698,100,1.5804,24,666,20.2,396.9,2.34678805772585,0,0.0633583803754009,3,0.0144177721454978,"nsga2",383
9.18702,0,18.1,"0",0.688644477967,5.53599919542692,100,1.58039994918112,24,666,20.2,396.9,2.32576646825333,0,0.0469540599666426,4,0.0290382751397806,"nsga2",383
9.18702,0,18.1,"0",0.680438537755332,5.46093120002057,100,1.5799952793564,24,666,20.2,396.9,2.34765491480078,0,0.049315680032497,4,0.0265837341767133,"nsga2",383
9.18702,0,18.1,"0",0.6873802604332,5.08877276938129,100,1.57653238165148,24,666,20.2,396.9,2.36162663813531,0,0.0536967849208226,4,0.0221433164876808,"nsga2",383
9.18702,0,18.1,"0",0.635756810399252,5.53917424843677,100,1.57280299910836,24,666,20.2,396.9,2.32922673680962,0,0.0554175800944807,4,0.0206536362521615,"nsga2",383
9.18702,0,18.1,"0",0.640958898001091,5.47135951234997,100,1.58001001000917,24,666,20.2,396.9,2.33285772876609,0,0.0554420380502799,4,0.0205201932163031,"nsga2",383
9.18702,0,18.1,"0",0.637276841692027,5.46402862958144,100,1.57373969058459,24,666,20.2,396.9,2.34786406540462,0,0.0561448848121123,4,0.0197536415103438,"nsga2",383
9.18702,0,18.1,"0",0.637276841692027,5.46382461416209,100,1.57373969058459,24,666,20.2,396.9,2.34786406540462,0,0.0561478918046005,4,0.0197506345178556,"nsga2",383
9.18702,0,18.1,"0",0.650834884353578,5.12583289604682,100,1.58098199626311,24,666,20.2,396.9,2.33238604453584,0,0.0589739640083413,4,0.0169984117559818,"nsga2",383
9.18702,0,18.1,"0",0.649419561618766,5.08877276938129,100,1.57680953108678,24,666,20.2,396.9,2.36162316531784,0,0.0597031946975242,4,0.0161369214537941,"nsga2",383
9.18702,0,18.1,"0",0.649419561618766,5.06872888630024,100,1.5087310249717,24,666,20.2,396.9,2.18710062241311,0,0.0608452718740829,4,0.0157357278861024,"nsga2",383
9.18702,0,18.1,"0",0.649419561618766,5.05991072692412,100,1.5087310249717,24,666,20.2,396.9,2.18518549056151,0,0.0609793081854143,4,0.015609821698101,"nsga2",383
9.18702,0,18.1,"0",0.649852473804095,5.01318863840575,100,1.49409716798042,24,666,20.2,396.9,2.35383771249937,0,0.061343808772552,4,0.0145293582058102,"nsga2",383
9.18702,0,18.1,"0",0.7,5.536,100,1.5804,24,666,20.2,396.9,2.33831136736793,0,0.0451300913411277,1,0.0308089881229343,"nsga2ice",383
9.1852405828044,0,18.1,"0",0.7,5.536,100,1.5804,24,666,20.2,396.9,2.33787876284204,0,0.0451325480666069,2,0.030808367891452,"nsga2ice",383
9.18702,0,18.1,"0",0.698086757683566,5.536,100,1.5804,24,666,20.2,396.9,2.34295156972883,0,0.0454230660858397,2,0.0304963147776072,"nsga2ice",383
9.18702,0,18.1,"0",0.696169986706675,5.536,100,1.5804,24,666,20.2,396.9,2.32029545119766,0,0.0457745385502336,2,0.0302410221337735,"nsga2ice",383
8.4531575473158,0,18.1,"0",0.7,5.536,100,1.5804,24,666,20.2,396.9,2.32817408706548,0,0.0457861039032015,2,0.0301960103728084,"nsga2ice",383
8.38684609528501,0,18.1,"0",0.7,5.536,100,1.5804,24,666,20.2,396.9,2.32817408706548,0,0.0458434365749489,2,0.030138677701061,"nsga2ice",383
9.18702,0,18.1,"0",0.695491210567426,5.536,100,1.5804,24,666,20.2,396.9,2.31955940362346,0,0.0458835361722537,2,0.0301351491830652,"nsga2ice",383
9.18702,0,18.1,"0",0.694483543373914,5.536,100,1.5804,24,666,20.2,396.9,2.33788090281506,0,0.046004138414934,2,0.0299367684585051,"nsga2ice",383
9.18702,0,18.1,"0",0.684759849755091,5.536,100,1.5804,24,666,20.2,396.9,2.37637298554368,0,0.0474614812207477,2,0.0283160189506681,"nsga2ice",383
9.18702,0,18.1,"0",0.682169400573778,5.536,100,1.5804,24,666,20.2,396.9,2.33696004510535,0,0.0479551501355542,2,0.0279896659657237,"nsga2ice",383
9.18702,0,18.1,"0",0.681498371401589,5.536,100,1.5804,24,666,20.2,396.9,2.38084108643006,0,0.047968217285564,2,0.0277903148909189,"nsga2ice",383
9.18702,0,18.1,"0",0.678209946145207,5.536,100,1.5804,24,666,20.2,396.9,2.32981255316644,0,0.0485970156872424,2,0.0273781429676902,"nsga2ice",383
9.18702,0,18.1,"0",0.677109973526924,5.536,100,1.5804,24,666,20.2,396.9,2.39396458984233,0,0.0486349478762495,2,0.0270678723652178,"nsga2ice",383
9.18702,0,18.1,"0",0.673741781134902,5.536,100,1.5804,24,666,20.2,396.9,2.36930725791017,0,0.0492203961050648,2,0.0265870995139376,"nsga2ice",383
9.18702,0,18.1,"0",0.671558716124032,5.536,100,1.5804,24,666,20.2,396.9,2.38488490752676,0,0.0495328619874358,2,0.0262085033479167,"nsga2ice",383
9.18702,0,18.1,"0",0.661440620303279,5.536,100,1.5804,24,666,20.2,396.9,2.39950498951613,0,0.0511033007033774,2,0.0245759994172129,"nsga2ice",383
9.18702,0,18.1,"0",0.661379134965592,5.536,100,1.5804,24,666,20.2,396.9,2.40288250465142,0,0.0511058633571657,2,0.0245590985263076,"nsga2ice",383
9.18702,0,18.1,"0",0.657943204789569,5.536,100,1.5804,24,666,20.2,396.9,2.39950498951613,0,0.0516568644124166,2,0.0240224357081737,"nsga2ice",383
9.18702,0,18.1,"0",0.657121862095548,5.536,100,1.5804,24,666,20.2,396.9,2.39950498951613,0,0.0517868648388207,2,0.0238924352817696,"nsga2ice",383
9.18702,0,18.1,"0",0.656466021389266,5.536,100,1.5804,24,666,20.2,396.9,2.4000640356383,0,0.051889483320077,2,0.0237874435362826,"nsga2ice",383
9.18702,0,18.1,"0",0.655490329887707,5.536,100,1.5804,24,666,20.2,396.9,2.36133682077292,0,0.0521261161999995,2,0.0237152155420172,"nsga2ice",383
9.18702,0,18.1,"0",0.653111831420654,5.536,100,1.5804,24,666,20.2,396.9,2.36133682077292,0,0.0525025800282763,2,0.0233387517137404,"nsga2ice",383
9.18702,0,18.1,"0",0.648434607165465,5.536,100,1.5804,24,666,20.2,396.9,2.31961761704569,0,0.0533314346726133,2,0.0226870035549155,"nsga2ice",383
9.18702,0,18.1,"0",0.64688117487426,5.536,100,1.5804,24,666,20.2,396.9,2.33707734576673,0,0.053540248683787,2,0.0224040694523806,"nsga2ice",383
9.18702,0,18.1,"0",0.645082787235503,5.536,100,1.5804,24,666,20.2,396.9,2.33428334800673,0,0.0538308243112032,2,0.0221253549124156,"nsga2ice",383
9.18702,0,18.1,"0",0.644512736893791,5.536,100,1.5804,24,666,20.2,396.9,2.33607498211824,0,0.0539172477775557,2,0.0220313255957001,"nsga2ice",383
9.18702,0,18.1,"0",0.63776364414834,5.536,100,1.5804,24,666,20.2,396.9,2.38084108643006,0,0.0548904596491678,2,0.0208680725273151,"nsga2ice",383
9.18702,0,18.1,"0",0.632671094061231,5.536,100,1.5804,24,666,20.2,396.9,2.3323406099706,0,0.0557994451483763,2,0.0201649813924277,"nsga2ice",383
9.18702,0,18.1,"0",0.632063317441981,5.536,100,1.5804,24,666,20.2,396.9,2.33228709348682,0,0.0558957563714207,2,0.0200688973577165,"nsga2ice",383
9.18429952451226,0,18.1,"0",0.7,5.51234379902413,100,1.5804,24,666,20.2,396.9,2.32986030149178,0,0.045499051515956,3,0.0304759044376464,"nsga2ice",383
9.15771525974895,0,18.1,"0",0.69748284837888,5.536,100,1.5804,24,666,20.2,396.9,2.34694876731035,0,0.0455355039324852,3,0.030366908016114,"nsga2ice",383
9.15304257366066,0,18.1,"0",0.689550045695883,5.536,100,1.5804,24,666,20.2,396.9,2.37225804328404,0,0.0467414100517619,3,0.029053558884553,"nsga2ice",383
9.18702,0,18.1,"0",0.683497569547309,5.52667199396959,100,1.5804,24,666,20.2,396.9,2.37637298554368,0,0.0477987582293109,3,0.0279787419421049,"nsga2ice",383
9.13956665862491,0,18.1,"0",0.681498371401589,5.536,100,1.5804,24,666,20.2,396.9,2.38034510076043,0,0.0480102980743749,3,0.0277503396619213,"nsga2ice",383
9.13831449812697,0,18.1,"0",0.681498371401589,5.536,100,1.5804,24,666,20.2,396.9,2.38084108643006,0,0.0480103279084754,3,0.0277482042680075,"nsga2ice",383
9.18702,0,18.1,"0",0.681077039073508,5.4831800987442,100,1.5804,24,666,20.2,396.9,2.3334867611996,0,0.0489139341690488,3,0.0270456267272103,"nsga2ice",383
9.18683182589992,0,18.1,"0",0.675792839469808,5.536,100,1.5804,24,666,20.2,396.9,2.33672505356044,0,0.048965080554352,3,0.0269807331337187,"nsga2ice",383
9.18702,0,18.1,"0",0.671558716124032,5.53149521807522,100,1.5804,24,666,20.2,396.9,2.36930725791017,0,0.0496323233136871,3,0.0261751723053153,"nsga2ice",383
9.18414651565041,0,18.1,"0",0.664638652521489,5.536,100,1.5804,24,666,20.2,396.9,2.32981255316644,0,0.0507475364370932,3,0.0252276222178395,"nsga2ice",383
8.65830767732456,0,18.1,"0",0.657945434792751,5.536,100,1.5804,24,666,20.2,396.9,2.33099191418945,0,0.0522590604082411,3,0.0237110916198321,"nsga2ice",383
9.18702,0,18.1,"0",0.652117832446796,5.53245994308434,100,1.5804,24,666,20.2,396.9,2.33201863973068,0,0.0527743160071019,3,0.0231914773627049,"nsga2ice",383
9.18702,0,18.1,"0",0.651486852559193,5.53245994308434,100,1.5804,24,666,20.2,396.9,2.33201863973068,0,0.0528741862014044,3,0.0230916071684024,"nsga2ice",383
9.18494146227131,0,18.1,"0",0.650500084899176,5.536,100,1.5804,24,666,20.2,396.9,2.33244891934725,0,0.0529790764760969,3,0.022984890269425,"nsga2ice",383
9.18702,0,18.1,"0",0.64990058319459,5.53277864175122,100,1.5804,24,666,20.2,396.9,2.37396931067295,0,0.0530315157729998,3,0.0227561884859976,"nsga2ice",383
9.13729832698819,0,18.1,"0",0.64909193867254,5.536,100,1.5804,24,666,20.2,396.9,2.37613399928689,0,0.0531504210441552,3,0.0226280936724159,"nsga2ice",383
9.18702,0,18.1,"0",0.652393295968238,5.4831800987442,100,1.5804,24,666,20.2,396.9,2.33444839243898,0,0.0534518966662302,3,0.0225035819102828,"nsga2ice",383
8.5197291607031,0,18.1,"0",0.650524679907229,5.536,100,1.5804,24,666,20.2,396.9,2.34295156972883,0,0.053528031140466,3,0.0223913497229809,"nsga2ice",383
9.15442642723522,0,18.1,"0",0.635593010493388,5.536,100,1.5804,24,666,20.2,396.9,2.33696004510535,0,0.0553553453263549,3,0.020589470774923,"nsga2ice",383
9.19031287009165,0,18.1,"0",0.632063317441981,5.536,100,1.5804,24,666,20.2,396.9,2.33485611652312,0,0.0558931503644413,3,0.0200662913507371,"nsga2ice",383
8.69344641265337,0,18.1,"0",0.631322162960355,5.536,100,1.5804,24,666,20.2,396.9,2.33225784880884,0,0.0564398690107953,3,0.0195249088679343,"nsga2ice",383
9.18702,0,18.1,"0",0.661413576504185,4.83905176439816,100,1.5804,24,666,20.2,396.9,2.1578873851996,0,0.0618927905696872,3,0.0186723292384497,"nsga2ice",383
9.18702,0,18.1,"0",0.657179232521736,4.83905176439816,100,1.5804,24,666,20.2,396.9,2.1578873851996,0,0.0625629937957792,3,0.0180021260123577,"nsga2ice",383
9.18702,0,18.1,"0",0.655447988880182,4.82668545931879,100,1.5804,24,666,20.2,396.9,2.36133682077292,0,0.0625874369266981,3,0.0174785338024871,"nsga2ice",383
9.18702,0,18.1,"0",0.652652286794725,4.84763293678665,100,1.5804,24,666,20.2,396.9,2.31961761704569,0,0.0628097423080448,3,0.0168158432720081,"nsga2ice",383
9.18702,0,18.1,"0",0.651529605967902,4.84862541736663,100,1.5804,24,666,20.2,396.9,2.29639603679106,0,0.0630220998561906,3,0.0166728096119165,"nsga2ice",383
9.14231697568627,0,18.1,"0",0.680229536208968,5.53544799671762,100,1.5804,24,666,20.2,396.9,2.38358982368756,0,0.0482099975221317,4,0.0275368657069175,"nsga2ice",383
9.1395014679498,0,18.1,"0",0.680229536208968,5.53253030066385,100,1.5804,24,666,20.2,396.9,2.38084108643006,0,0.0482612703289648,4,0.0274972618475181,"nsga2ice",383
9.18429952451226,0,18.1,"0",0.671630995660721,5.51234379902413,100,1.5804,24,666,20.2,396.9,2.32986030149178,0,0.0499892389707326,4,0.0259857169828698,"nsga2ice",383
9.13909773547204,0,18.1,"0",0.650150352456031,5.53277864175122,100,1.5804,24,666,20.2,396.9,2.37396931067295,0,0.0530334162481882,4,0.0227542880108092,"nsga2ice",383
9.18702,0,18.1,"0",0.7,5.536,100,1.5804,24,666,20.2,396.9,2.19745401886912,0,0.0454290753547523,1,0.0311079721365589,"nsga2cond",383
9.18702,0,18.1,"0",0.7,5.536,100,1.38384689083693,24,666,20.2,396.9,2.16303765676227,0,0.0468770123096109,2,0.0298061396226362,"nsga2cond",383
9.18702,0,18.1,"0",0.7,5.536,100,1.36947956972881,24,666,20.2,396.9,2.126003706929,0,0.0470561197250628,2,0.0297842488391814,"nsga2cond",383
9.18702,0,18.1,"0",0.7,5.536,100,1.3442680143652,24,666,20.2,396.9,2.18807600310499,0,0.0471007192613581,2,0.0294761398098654,"nsga2cond",383
9.18702,0,18.1,"0",0.68763070889524,5.536,100,1.5804,24,666,20.2,396.9,2.17643402888113,0,0.047431478282731,2,0.0291948033314702,"nsga2cond",383
9.18702,0,18.1,"0",0.7,5.39450431651735,100,1.5804,24,666,20.2,396.9,2.16522959792993,0,0.0475829862328106,2,0.0290908604643895,"nsga2cond",383
9.18702,0,18.1,"0",0.7,5.536,100,1.5804,24,666,20.2,381.180038488528,2.16721118953508,0,0.0485424084940394,2,0.0281230259446908,"nsga2cond",383
4.39593854651396,0,18.1,"0",0.7,5.536,100,1.5804,24,666,20.2,396.9,2.1511053747674,0,0.0496698089295758,2,0.0279325398739622,"nsga2cond",383
9.18702,0,18.1,"0",0.673115615428162,5.536,100,1.5804,24,666,20.2,396.9,2.14177809258943,0,0.0498024580593385,2,0.0269709450368279,"nsga2cond",383
9.18702,0,18.1,"0",0.670867777694279,5.536,100,1.5804,24,666,20.2,396.9,2.126003706929,0,0.0501917239104845,2,0.0266486446537597,"nsga2cond",383
9.18702,0,18.1,"0",0.656199431551882,5.536,100,1.5804,24,666,20.2,396.9,2.1428656807284,0,0.0524776082130429,2,0.0242911778507794,"nsga2cond",383
9.18702,0,18.1,"0",0.642518602341095,5.536,100,1.5804,24,666,20.2,396.9,2.1829692842593,0,0.054557857656637,2,0.0220406804723453,"nsga2cond",383
9.18702,0,18.1,"0",0.638318494863535,5.536,100,1.5804,24,666,20.2,396.9,2.1753102501675,0,0.0552388990763455,2,0.0213921532065331,"nsga2cond",383
9.18702,0,18.1,"0",0.635321475728184,5.536,100,1.5804,24,666,20.2,396.9,2.12569677534453,0,0.0558185707135206,2,0.0210231008375825,"nsga2cond",383
9.18702,0,18.1,"0",0.634690449411386,5.536,100,1.5804,24,666,20.2,396.9,2.14141709711905,0,0.0558850802785845,2,0.0208898553166071,"nsga2cond",383
9.18702,0,18.1,"0",0.634435609962475,5.536,100,1.5804,24,666,20.2,396.9,2.14330664896851,0,0.0559214049750687,2,0.0208455090890927,"nsga2cond",383
9.18702,0,18.1,"0",0.631144841637313,5.536,100,1.5804,24,666,20.2,396.9,2.16216403715964,0,0.0564022342738999,2,0.0202846263508358,"nsga2cond",383
9.18702,0,18.1,"0",0.691732184968411,5.536,100,1.57376458766988,24,666,20.2,396.9,2.17843196412787,0,0.0468244788601097,3,0.0297933211135468,"nsga2cond",383
9.18702,0,18.0997333598479,"0",0.7,5.38947755317403,100,1.5804,24,666,20.2,396.9,2.16855765677769,0,0.0476507636438616,3,0.0290104584911399,"nsga2cond",383
9.18702,0,18.1,"0",0.691732184968411,5.536,100,1.34560353090324,24,666,20.2,396.9,2.17843196412787,0,0.0484204605022552,3,0.0281973394714012,"nsga2cond",383
9.18702,0,18.1,"0",0.7,5.53481108488932,100,1.5804,24,666,20.2,378.369361892508,2.17297738484478,0,0.049092868617688,3,0.0275480871518722,"nsga2cond",383
9.18702,0,18.1,"0",0.678092634707414,5.51973309770316,100,1.5804,24,666,20.2,396.9,2.17470466945068,0,0.0491845743282716,3,0.0274490487676347,"nsga2cond",383
9.18702,0,18.1,"0",0.670838960086716,5.5333717932921,100,1.5804,24,666,20.2,396.9,2.16522959792993,0,0.0501517614258846,3,0.0265220852713155,"nsga2cond",383
9.18702,0,18.1,"0",0.670838960086716,5.53247536912837,100,1.5804,24,666,20.2,396.9,2.16522959792993,0,0.0501649738621562,3,0.0265088728350439,"nsga2cond",383
9.18702,0,18.1002210095216,"0",0.668543732484058,5.536,100,1.5804,24,666,20.2,396.9,2.17673981423004,0,0.0504524996482129,3,0.0261737302331403,"nsga2cond",383
6.75790269026246,0,18.1,"0",0.672174124783356,5.536,100,1.5804,24,666,20.2,396.9,2.1842075519478,0,0.0519616215680892,3,0.0246316598632853,"nsga2cond",383
9.18702,0,18.1,"0",0.673656169689467,5.3676488840244,100,1.5804,24,666,20.2,396.9,2.12541144474471,0,0.052232974825767,3,0.0246099080116318,"nsga2cond",383
6.84814961665079,0,18.1,"0",0.668543732484058,5.536,100,1.5804,24,666,20.2,396.9,2.13583911671622,0,0.0525608722723597,3,0.0242377429815296,"nsga2cond",383
9.18702,0,18.1002926596109,"0",0.652209069084051,5.536,100,1.5804,24,666,20.2,396.9,2.1838353680097,0,0.0530230574606353,3,0.0235734544273268,"nsga2cond",383
9.18702,0,18.1,"0",0.652209069084051,5.536,100,1.5759334601576,24,666,20.2,396.9,2.18339639067506,0,0.0530544073537399,3,0.0235423176218388,"nsga2cond",383
9.18702,0,18.1,"0",0.647736983474436,5.53603030006839,100,1.5804,24,666,20.2,396.9,2.1787126336143,0,0.0537413848282527,3,0.0228761168346356,"nsga2cond",383
9.18702,0,18.1,"0",0.645328373602676,5.53548134393849,100,1.5804,24,666,20.2,396.9,2.17669777639308,0,0.054134089267457,3,0.0224910726850362,"nsga2cond",383
9.18702,0,18.1,"0",0.645480697139467,5.52710980319632,100,1.5804,24,666,20.2,396.9,2.17672642993308,0,0.0542333075098266,3,0.0223917328025749,"nsga2cond",383
9.18702,0,18.1,"0",0.638318494863535,5.536,100,1.5638092327659,24,666,20.2,396.9,2.1753102501675,0,0.0553549511332126,3,0.021276101149666,"nsga2cond",383
9.1655064808921,0,18.1,"0",0.631024129738319,5.536,100,1.5804,24,666,20.2,396.9,2.18525568948134,0,0.0563909264497846,3,0.0201979054250712,"nsga2cond",383
9.18702,0,18.1,"0",0.631024129738319,5.3676488840244,100,1.5804,24,666,20.2,396.9,2.12569677534453,0,0.0589800804759317,3,0.0178615910751714,"nsga2cond",383
9.18702,0,18.1,"0",0.63957771723263,5.536,100,1.5804,24,666,20.2,376.110876016262,2.17530098829801,0,0.0590719969711685,3,0.0175590946302254,"nsga2cond",383
9.18702,0,18.1,"0",0.634911801112303,5.536,100,1.5804,24,666,20.2,375.824733873194,2.02604295736851,0,0.0601828257351701,3,0.0170818964950636,"nsga2cond",383
9.18702,0,18.1,"0",0.631144841637313,5.536,100,1.5804,24,666,20.2,373.081432244293,2.17672642993308,0,0.0609913188720567,3,0.0165797204067797,"nsga2cond",383
9.18702,0,18.1,"0",0.684639562383248,5.53600575757835,100,1.56350930445531,24,666,20.2,396.9,2.16562948826598,0,0.0480460794228778,4,0.0286262393811148,"nsga2cond",383
9.18702,0,18.1,"0",0.693931357386538,5.53599686675831,100,1.32269959434234,24,666,20.2,396.9,2.17438736400566,0,0.0482412238253445,4,0.0285308535464764,"nsga2cond",383
9.18702,0,18.0999951213619,"0",0.682552005799377,5.53607578256829,100,1.5804,24,666,20.2,396.9,2.16740256739988,0,0.0482556258392059,4,0.0284112576002392,"nsga2cond",383
9.18702,0,18.0998042145686,"0",0.679496076812919,5.53600686692317,100,1.5804,24,666,20.2,396.9,2.17873645003385,0,0.0487147772167846,4,0.0279030367123991,"nsga2cond",383
9.18702,0,18.1,"0",0.674438044330641,5.5360015018756,100,1.56553840246649,24,666,20.2,396.9,2.1635650098224,0,0.0496508804882764,4,0.0270300769956443,"nsga2cond",383
9.18702,0,18.1000608658137,"0",0.671282398298015,5.536,100,1.58419280379073,24,666,20.2,396.9,2.1787126336143,0,0.0500409207795954,4,0.0266290921096816,"nsga2cond",383
9.18702,0,18.0998034154079,"0",0.673898156115363,5.40389640148238,100,1.5804,24,666,20.2,396.9,2.17917119317115,0,0.0515468637163783,4,0.0250689067230709,"nsga2cond",383
9.18702,0,18.1,"0",0.673298100313348,5.4161981231776,100,1.53928724050636,24,666,20.2,396.9,2.12541490793962,0,0.0518616553867907,4,0.024981212748643,"nsga2cond",383
9.18702,0,18.1001765156029,"0",0.667497930373181,5.536,100,1.40238711578058,24,666,20.2,396.9,2.17694534163176,0,0.0518626615960092,4,0.0247624448553946,"nsga2cond",383
6.75790269026246,0,18.1002210095216,"0",0.668543732484058,5.536,100,1.5804,24,666,20.2,396.9,2.17673981423004,0,0.052552706793284,4,0.0240735230880692,"nsga2cond",383
9.18702,0,18.1,"0",0.671793105613066,5.39111788669804,100,1.40511338669097,24,666,20.2,396.9,2.126003706929,0,0.0534068149918939,4,0.0234335535723504,"nsga2cond",383
9.08839628080545,0,18.1,"0",0.6472652542777,5.53603030006839,100,1.5804,24,666,20.2,396.9,2.17873645003385,0,0.0539012683548874,4,0.0227161322024671,"nsga2cond",383
7.15187638829986,0,18.1002455205659,"0",0.652209069084051,5.536,100,1.5804,24,666,20.2,396.9,2.17883308529125,0,0.0547931211239058,4,0.0218243606275925,"nsga2cond",383
9.18702,0,18.1,"0",0.635325475096061,5.53600144655902,100,1.5804,24,666,20.2,375.824733873194,2.02604295736851,0,0.0601173715917198,4,0.0171473932803116,"nsga2cond",383
9.18702,0,18.0999711175887,"0",0.691241307152799,5.53600000476188,100,1.55037362542469,24,666,20.2,396.9,2.1753102501675,0,0.0470725009273506,5,0.0295587143788866,"nsga2cond",383
9.18702,0,18.0997960863513,"0",0.685101777919735,5.53599990499094,100,1.54747820500067,24,666,20.2,396.9,2.16740256739988,0,0.0480817860811481,5,0.0285839858951724,"nsga2cond",383
9.18702,0,18.0998107830071,"0",0.691732184968411,5.53585784039249,100,1.36845222941705,24,666,20.2,396.9,2.18341006744302,0,0.0482526966660421,5,0.0283450373422319,"nsga2cond",383
9.18702,0,18.0997963946089,"0",0.684639562383248,5.53600575757835,100,1.38040794422096,24,666,20.2,396.9,2.16614482991119,0,0.0493263497189357,5,0.0273449295922347,"nsga2cond",383
9.18702,0,18.099795281723,"0",0.671102098953728,5.4051686728194,100,1.54747820500067,24,666,20.2,396.9,2.11958601995368,0,0.0523274515607845,5,0.0245413159001312,"nsga2cond",383
9.18702,0,18.0998032060888,"0",0.671793105613066,5.40389640148238,100,1.3933888282261,24,666,20.2,396.9,2.126003706929,0,0.0533010398287105,5,0.0235404385590797,"nsga2cond",383
9.18702,0,18.1,"0",0.7,5.536,100,1.5804,24,666,20.2,396.9,2.33739957077357,0,0.0451320267219104,1,0.0308109235037171,"nsga2condice",383
9.18702,0,18.1,"0",0.699004717366765,5.536,100,1.5804,24,666,20.2,396.9,2.3224959030541,0,0.0453211925497569,2,0.0306850267696024,"nsga2condice",383
9.18702,0,18.1,"0",0.7,5.536,100,1.5804,24,666,20.2,395.56899574201,2.32096321265817,0,0.0454250842679608,2,0.0305876416331438,"nsga2condice",383
9.18702,0,18.1,"0",0.7,5.536,100,1.5804,24,666,20.2,394.368798782863,2.32207066490489,0,0.0456555311145835,2,0.0303524934270088,"nsga2condice",383
9.18702,0,18.1,"0",0.7,5.536,100,1.5804,24,666,20.2,392.361318029816,2.2309986430178,0,0.046238223938718,2,0.0301564198161834,"nsga2condice",383
9.18702,0,18.1,"0",0.7,5.536,100,1.5804,24,666,20.2,389.170296419143,2.30983357663446,0,0.046689838818261,2,0.0293701346461978,"nsga2condice",383
9.18702,0,18.1,"0",0.7,5.536,100,1.5804,24,666,20.2,382.397707186365,2.21796994527916,0,0.0481984814335354,2,0.0282514717870591,"nsga2condice",383
5.56143841058501,0,18.1,"0",0.7,5.536,100,1.5804,24,666,20.2,396.9,2.31460161477972,0,0.048315084074627,2,0.0277246481003715,"nsga2condice",383
9.18702,0,18.1,"0",0.7,5.536,100,1.5804,24,666,20.2,375.742811794066,2.24162316738267,0,0.0494390991914389,2,0.0269104413015977,"nsga2condice",383
9.18702,0,18.1,"0",0.7,5.536,100,1.5804,24,666,20.2,375.375265650746,2.24045184315821,0,0.049512876938851,2,0.0268977831784449,"nsga2condice",383
9.18702,0,18.1,"0",0.7,5.12981389905885,100,1.5804,24,666,20.2,396.9,2.31999665354679,0,0.051155761482703,2,0.0248610676579642,"nsga2condice",383
9.18702,0,18.1,"0",0.7,5.10860409559572,100,1.5804,24,666,20.2,396.9,2.31999665354679,0,0.0514683737347279,2,0.0245484554059394,"nsga2condice",383
9.18702,0,18.1,"0",0.7,5.09165239690122,100,1.5804,24,666,20.2,396.9,2.32162123016278,0,0.0517147772593843,2,0.0242951552238879,"nsga2condice",383
9.18702,0,18.1,"0",0.7,5.06661703364019,100,1.5804,24,666,20.2,396.9,2.22720003233428,0,0.0522841931826022,2,0.0241265764454675,"nsga2condice",383
9.18702,0,18.1,"0",0.7,5.02260498600555,100,1.5804,24,666,20.2,396.9,2.31999665354679,0,0.0527359184985372,2,0.0232809106421301,"nsga2condice",383
9.18702,0,18.1,"0",0.7,5.01971720181818,100,1.5804,24,666,20.2,396.9,2.30879849637839,0,0.0528022509049751,2,0.02326211668521,"nsga2condice",383
9.18702,0,18.1,"0",0.645796085366989,5.536,100,1.5804,24,666,20.2,396.9,2.30983357663446,0,0.0537698220755791,2,0.0222901513888797,"nsga2condice",383
9.18702,0,18.1,"0",0.642081713078951,5.536,100,1.5804,24,666,20.2,396.9,2.31745944839361,0,0.0543415385685399,2,0.0216860615228541,"nsga2condice",383
9.18702,0,18.1,"0",0.639347384415229,5.536,100,1.5804,24,666,20.2,396.9,2.30983357663446,0,0.0547905091524642,2,0.0212694643119946,"nsga2condice",383
9.18702,0,18.1,"0",0.633763835301633,5.536,100,1.5804,24,666,20.2,396.9,2.34421352557332,0,0.0556012868522055,2,0.0203127367526046,"nsga2condice",383
9.18702,0,18.1,"0",0.7,5.53305909926426,100,1.57158233001425,24,666,20.2,396.9,2.33671037593715,0,0.0452385150870147,3,0.0307073609105453,"nsga2condice",383
9.18702,0,18.1,"0",0.7,5.5354980044712,100,1.5804,24,666,20.2,392.361318029816,2.23027555588093,0,0.0462471576993222,3,0.0301505557072046,"nsga2condice",383
9.18702,0,18.1,"0",0.692979403480112,5.536,100,1.5804,24,666,20.2,396.836077290564,2.31745944839361,0,0.046297956020651,3,0.029729644070743,"nsga2condice",383
8.41731335144488,0,18.1,"0",0.7,5.536,100,1.5804,24,666,20.2,382.397707186365,2.30887256888743,0,0.0486710173264244,3,0.0273930358109289,"nsga2condice",383
9.18702,0,18.1,"0",0.676564948340173,5.536,100,1.5804,24,666,20.2,396.640034371506,2.33671037593715,0,0.0488931657356919,3,0.0270527102618681,"nsga2condice",383
5.30067414869268,0,18.1,"0",0.7,5.536,100,1.5804,24,666,20.2,393.656206100262,2.23249723777549,0,0.0493440009614399,3,0.0270442809546193,"nsga2condice",383
5.56143841058501,0,18.1,"0",0.7,5.536,100,1.5804,24,666,20.2,388.471993388592,2.31469955607808,0,0.0499496237784076,3,0.0260896926159051,"nsga2condice",383
5.47330675578957,0,18.1,"0",0.7,5.3932826135834,100,1.5804,24,666,20.2,396.9,2.33760763731666,0,0.050445967817539,3,0.0254960991233921,"nsga2condice",383
9.18702,0,18.1,"0",0.676564948340173,5.536,100,1.5804,24,666,20.2,385.696763829248,2.33671037593715,0,0.0510157892712007,3,0.0249300867263592,"nsga2condice",383
9.18702,0,18.1,"0",0.7,5.11770526751236,100,1.5804,24,666,20.2,396.892819847622,2.3247121562723,0,0.051325614723634,3,0.0246711961510904,"nsga2condice",383
5.06421144424628,0,18.1,"0",0.7,5.536,100,1.5804,24,666,20.2,378.839457799868,2.33236484324101,0,0.0522104136621133,3,0.0237539100035403,"nsga2condice",383
9.18702,0,18.1,"0",0.7,5.10157937051783,100,1.5804,24,666,20.2,392.361318029816,2.2309986430178,0,0.052641169234489,3,0.0237534745204125,"nsga2condice",383
9.18702,0,18.1,"0",0.7,5.01526052016513,100,1.5804,24,666,20.2,396.89989690666,2.32223398796988,0,0.0528394399398628,3,0.023167891262177,"nsga2condice",383
6.40703106535538,0,18.1,"0",0.7,5.16582306811176,100,1.5804,24,666,20.2,396.9,2.32159066619267,0,0.0530252069011815,3,0.0229848553323459,"nsga2condice",383
6.24133563717186,0,18.1,"0",0.7,5.16582306811176,100,1.5804,24,666,20.2,396.9,2.3247121562723,0,0.0531618409650545,3,0.0228349699096699,"nsga2condice",383
5.53511490526362,0,18.1,"0",0.7,5.16582306811176,100,1.5804,24,666,20.2,396.9,2.31489733287085,0,0.0537932701352603,3,0.0222452066564341,"nsga2condice",383
9.18702,0,18.1,"0",0.64207369929606,5.536,100,1.5804,24,666,20.2,396.39604863948,2.32207066490489,0,0.0544307686798966,3,0.0215772558616957,"nsga2condice",383
9.18702,0,18.1,"0",0.646466391272743,5.536,100,1.5804,24,666,20.2,389.313122742641,2.22501580076601,0,0.0553153587868462,3,0.0211046833474566,"nsga2condice",383
9.18702,0,18.1,"0",0.7,5.13444008165695,100,1.5804,24,666,20.2,375.17535365254,2.24771329661426,0,0.0554548497071072,3,0.0210025363690322,"nsga2condice",383
9.18702,0,18.1,"0",0.640230958225079,5.536,100,1.5804,24,666,20.2,393.251343160738,2.22601842767204,0,0.0555362808174885,3,0.0208795049621444,"nsga2condice",383
9.18702,0,18.1,"0",0.7,5.01971720181818,100,1.5804,24,666,20.2,380.970045144723,2.30698054954731,0,0.0558959809375965,3,0.0201761042057855,"nsga2condice",383
9.18702,0,18.1,"0",0.7,5.01638316517298,100,1.5804,24,666,20.2,379.192894601352,2.21833741008592,0,0.0564779824761198,3,0.0199704107818037,"nsga2condice",383
5.01603901280528,0,18.1,"0",0.7,5.01420643610772,100,1.5804,24,666,20.2,396.9,2.28237751814797,0,0.0565457725096549,3,0.0196307574944817,"nsga2condice",383
6.42885326992435,0,18.1,"0",0.63468674253313,5.536,100,1.5804,24,666,20.2,396.9,2.33295917575021,0,0.0578638017332364,3,0.0180979988703133,"nsga2condice",383
9.18702,0,18.1,"0",0.639514673887285,5.536,100,1.5804,24,666,20.2,380.232820773271,2.30983357663446,0,0.0579968987141131,3,0.0180630747503457,"nsga2condice",383
9.18702,0,18.1,"0",0.63836909838114,5.01971720181818,100,1.5804,24,666,20.2,396.9,2.31999665354679,0,0.0625332935857022,3,0.0134835355549651,"nsga2condice",383
6.5756951325099,0,18.1,"0",0.7,5.40060719149954,100,1.5804,24,666,20.2,396.899903314853,2.30887256888743,0,0.0494459008796467,4,0.0266181522577066,"nsga2condice",383
6.21657518838134,0,18.1,"0",0.7,5.3916383068369,100,1.58469752953693,24,666,20.2,396.9,2.34421352557332,0,0.0498436152502357,4,0.0261305306063269,"nsga2condice",383
6.00064952964525,0,18.1,"0",0.7,5.3916383068369,100,1.58066898714094,24,666,20.2,396.9,2.33739957077357,0,0.0500165876357643,4,0.0259301257082935,"nsga2condice",383
6.5756951325099,0,18.1,"0",0.7,5.35581012060342,100,1.5804,24,666,20.2,390.712718418406,2.30882438876165,0,0.0513063733395372,4,0.0247578843322268,"nsga2condice",383
9.18702,0,18.1,"0",0.7,5.02681882931005,100,1.58256475708076,24,666,20.2,396.899902497889,2.31031240303902,0,0.0527095276167773,4,0.0233786979900617,"nsga2condice",383
9.18702,0,18.1,"0",0.7,5.02751855842151,100,1.43915034917024,24,666,20.2,396.899902035964,2.31031240303902,0,0.0536721101817082,4,0.0223858305674995,"nsga2condice",383
9.18702,0,18.1,"0",0.7,5.01971720181818,100,1.42666941396219,24,666,20.2,396.899902165231,2.30895405703856,0,0.0538772818024804,4,0.0221864254011358,"nsga2condice",383
4.79896958295852,0,18.1,"0",0.7,5.01011303117189,100,1.5804,24,666,20.2,396.851238640411,2.3119704873507,0,0.0567404269039371,4,0.0194820981343915,"nsga2condice",383
4.98371475759795,0,18.1,"0",0.7,5.00551672745613,100,1.5804,24,666,20.2,394.809692444341,2.15780300022399,0,0.0573716688303596,4,0.0193337052811125,"nsga2condice",383
4.98301061305274,0,18.1,"0",0.7,5.02817167363844,100,1.5804,24,666,20.2,379.519971015544,2.12703261396091,0,0.0600693662960434,4,0.0167666343490639,"nsga2condice",383
6.21657518838134,0,18.1,"0",0.7,5.3916383068369,100,1.58404951183389,24,666,20.2,375.439143344063,2.34421352557332,0,0.05400176110198,5,0.0219946859158584,"nsga2condice",383
4.62989308883501,0,18.1,"0",0.7,4.99950093926732,100,1.58059005179667,24,666,20.2,396.797103722939,2.32597780961817,0,0.0570251197928741,5,0.019432966140833,"nsga2condice",383
6.01159434088442,0,18.1,"0",0.7,5.02815267535798,100,1.5712172854942,24,666,20.2,377.461220937189,2.12960760858238,0,0.0596384310039742,5,0.0171866382664452,"nsga2condice",383
1.20742,0,19.58,"0",0.605,7.31191119208513,94.6,2.4259,5.81510685291141,403,14.7,292.29,14.43,0,0.0239048088911705,2,0.0239048088911705,"random",171
1.20742,0,19.58,"0",0.605,5.875,94.6,2.4259,5,403,14.7,292.29,8.45022185981803,0,0.0126926858129181,1,0.0126926858129181,"nsga2",171
1.20742,0,19.58,"0",0.605,6.23858075518437,94.6,2.4259,5,403,14.7,292.29,8.42527917453918,0,0.0181044623793198,2,0.012206664046874,"nsga2",171
1.20742,0,19.58,"0",0.605,6.2438778000468,94.6,2.4259,5,403,14.7,292.29,8.43632733196906,0,0.0181590849279035,2,0.0121051398281007,"nsga2",171
1.20742,0,19.58,"0",0.605,6.25235305856405,94.6,2.4259,5,403,14.7,292.29,8.4341499345847,0,0.0182886238931781,2,0.0119848443565617,"nsga2",171
1.20742,0,19.58,"0",0.605,6.25347890579293,94.6,2.4259,5,403,14.7,292.29,8.43352296397621,0,0.0183065486151073,2,0.0119695812520909,"nsga2",171
1.20742,0,19.58,"0",0.605,6.25398041609384,94.6,2.4259,5,403,14.7,292.29,8.43325450583599,0,0.0183145102277435,2,0.0119627592987356,"nsga2",171
1.20742,0,19.58,"0",0.605,6.25656900963054,94.6,2.4259,5,403,14.7,292.29,8.41842602158154,0,0.0183841385872306,2,0.011956080863915,"nsga2",171
1.20742,0,19.58,"0",0.605,6.25891770356252,94.6,2.4259,5,403,14.7,292.29,8.40784323147389,0,0.0184412191390029,2,0.0119439264036168,"nsga2",171
1.20742,0,19.58,"0",0.605,6.26141920433419,94.6,2.4259,5,403,14.7,292.29,8.41576951149233,0,0.0184612645384139,2,0.0118902323371213,"nsga2",171
1.20742,0,19.58,"0",0.605,6.26530305816544,94.6,2.4259,5,403,14.7,292.29,8.43632733196906,0,0.0184748727758354,2,0.0117893519801688,"nsga2",171
1.20742,0,19.58,"0",0.605,6.26575830527421,94.6,2.4259,5,403,14.7,292.29,8.43632733196906,0,0.0184815826835509,2,0.0117826420724533,"nsga2",171
1.20742,0,19.58,"0",0.605,6.26630138767817,94.6,2.4259,5,403,14.7,292.29,8.43632733196906,0,0.0184895871996526,2,0.0117746375563516,"nsga2",171
1.20742,0,19.58,"0",0.605,6.27116872265105,94.6,2.4259,5,403,14.7,292.29,8.43352296397621,0,0.0185672796254412,2,0.011708850241757,"nsga2",171
1.20742,0,19.58,"0",0.605,6.27353905942235,94.6,2.4259,5,403,14.7,292.29,8.43632733196906,0,0.0185962635706666,2,0.0116679611853376,"nsga2",171
1.20742,0,19.58,"0",0.605,6.2883122152069,94.6,2.4259,5,403,14.7,292.29,8.43632733196906,0,0.0188140057815904,2,0.0114502189744138,"nsga2",171
1.20742,0,19.58,"0",0.605,6.29454436619336,94.6,2.4259,5,403,14.7,292.29,8.42769609937177,0,0.0189241824036177,2,0.0113766836862177,"nsga2",171
1.20742,0,19.58,"0",0.605,6.30091468769199,94.6,2.4259,5,403,14.7,292.29,8.42957444392677,0,0.0190140878832587,2,0.0112788042527858,"nsga2",171
1.20742,0,19.58,"0",0.605,5.875,94.6,2.4259,5,403,14.7,394.955579462468,8.32642958877087,0,0.0328690897758118,2,0.0105131211357862,"nsga2",171
1.20742,0,19.58,"0",0.605,5.875,94.6,2.4259,5,403,14.7,395.23566507064,8.34599026921554,0,0.0328818973607136,2,0.0104660240210707,"nsga2",171
1.20742,0,19.58,"0",0.605,6.24079094364969,94.6,2.39222072870005,5,403,14.7,292.29,8.42957444392677,0,0.0183635070740201,3,0.0119293850620244,"nsga2",171
1.20742,0,19.58,"0",0.605,6.30074108186516,94.6,2.38139713786333,5,403,14.7,292.29,8.40649740845582,0,0.0193718090034801,3,0.0110190498309467,"nsga2",171
1.20742,0,19.58,"0",0.605,6.30143220680441,94.6,2.38139713786333,5,403,14.7,292.29,8.40663693885139,0,0.0193816993577805,3,0.0110085671418036,"nsga2",171
1.20742,0,19.58,"0",0.605,6.25227857080789,94.6,1.9948637701963,5,403,14.7,292.29,8.38074645872086,0,0.0214159693868073,3,0.0105550587477537,"nsga2",171
1.20742,0,19.58,"0",0.605,6.25244864211102,94.6,1.9948637701963,5,403,14.7,292.29,8.38074645872086,0,0.0214184760754322,3,0.0105525520591288,"nsga2",171
1.20742,0,19.58,"0",0.605,6.27353145913154,94.6,1.98416996246595,5,403,14.7,292.29,8.42761882178037,0,0.0217045282753314,3,0.0102171230728142,"nsga2",171
1.20742,0,19.58,"0",0.605,6.30606830328518,94.6,1.97985710244343,5,403,14.7,292.29,8.38074645872086,0,0.022313750000699,3,0.00986722076458752,"nsga2",171
1.20742,0,19.58,"0",0.605,5.875,99.4662665078743,1.97011535958589,5,403,14.7,372.650812884219,6.72045640552985,0,0.0389948450580368,4,0.00909919129035456,"nsga2",171
1.20742,0,19.58,"0",0.605,5.875,99.6231226826806,1.97342405555391,5,403,14.7,372.650812884219,6.66608959172761,0,0.0392113620796927,4,0.00888267426869871,"nsga2",171
1.20742,0,19.58,"0",0.605,5.875,99.952635212733,1.97342405555391,5,403,14.7,372.650812884219,6.66608959172761,0,0.0394724034565859,4,0.00862163289180545,"nsga2",171
1.20742,0,19.58,"0",0.605,5.875,99.6203718134551,1.96978799209535,5,403,14.7,372.650812884219,6.33119316972479,0,0.0399454686475652,4,0.00856802274529565,"nsga2",171
1.20742,0,19.58,"0",0.605,5.875,99.6203718134551,1.94584523711361,5,403,14.7,372.650812884219,6.33119316972479,0,0.0401129476992261,4,0.00840054369363472,"nsga2",171
1.20742,0,19.58,"0",0.605,5.90677000285919,99.4662665078743,1.94343483378686,5,403,14.7,372.650812884219,6.7840644804467,0,0.039514719672754,5,0.00857931667563735,"nsga2",171
1.20742,0,19.58,"0",0.605,5.90677000285919,99.4662665078743,1.94584523711361,5,403,14.7,372.650812884219,6.72045640552985,0,0.0396328735464854,5,0.00846116280190596,"nsga2",171
1.20742,0,19.58,"0",0.605,6.70354413580695,94.6,2.4259,5,403,14.7,292.29,14.43,0,0.0122119494717076,1,0.0122119494717076,"nsga2ice",171
1.20742,0,19.58,"0",0.605,6.08091184394914,94.6,2.4259,5,403,14.7,292.29,9.94608870738459,0,0.0125525006339239,2,0.0113024807216068,"nsga2ice",171
1.20742,0,19.58,"0",0.605,6.08215127368837,94.6,2.4259,5,403,14.7,292.29,9.9534342491457,0,0.0125551769872094,2,0.0112686210529829,"nsga2ice",171
1.20742,0,19.58,"0",0.605,6.08629897063595,94.6,2.4259,5,403,14.7,292.29,9.93870083714851,0,0.0126475832418361,2,0.0112387611219986,"nsga2ice",171
1.20742,0,19.58,"0",0.605,6.09434358768017,94.6,2.4259,5,403,14.7,292.29,9.9482735507556,0,0.012745834160223,2,0.0110998720918479,"nsga2ice",171
1.20742,0,19.58,"0",0.605,6.15456964135634,94.6,2.4259,5,403,14.7,292.29,10.2944953606387,0,0.012898617768591,2,0.00947730664495405,"nsga2ice",171
1.20742,0,19.58,"0",0.605,6.20392834456996,94.6,2.4259,5,403,14.7,292.29,10.468258604828,0,0.0132572878106283,2,0.00838097637117439,"nsga2ice",171
1.20742,0,19.58,"0",0.605,6.30066370914904,94.6,2.4259,5,403,14.7,292.29,10.2116309675398,0,0.0152277929197219,2,0.00749990765742883,"nsga2ice",171
1.20744618383485,0,19.58,"0",0.605,6.09204890118969,94.6,2.4259,5,403,14.7,292.29,9.96795344157912,0,0.0126702627457686,3,0.0110918983762992,"nsga2ice",171
1.2068922889649,0,19.58,"0",0.605,6.24151026913555,94.6,2.4259,5,403,14.7,292.29,10.2584681124376,0,0.014256967358486,3,0.00827281254893208,"nsga2ice",171
1.20742,0,19.58,"0",0.605,5.875,94.6,2.4259,5,403,14.7,292.29,8.55418692781982,0,0.0124720094077521,1,0.0124720094077521,"nsga2cond",171
1.20742,0,19.58,"0",0.605,6.30521950446125,94.6,2.4259,5,403,14.7,292.29,10.9491598650979,0,0.0137294610777646,2,0.00586727966937197,"nsga2cond",171
2.16963616665088,0,19.58,"0",0.605,6.31017826850214,94.6,2.4259,5,403,14.7,292.29,10.9491598650979,0,0.0146344775802579,3,0.00496226316687869,"nsga2cond",171
1.20742,0,19.58,"0",0.605,6.7018908043277,94.6,2.4259,5,403,14.7,292.29,14.43,0,0.0121875809442967,1,0.0121875809442967,"nsga2condice",171
1.20742,0,19.58,"0",0.605,6.14851436341081,94.6,2.4259,5,403,14.7,292.29,9.95688540013035,0,0.0135259801484288,2,0.0102831670555237,"nsga2condice",171
1.20742,0,19.58,"0",0.605,6.18731050742978,94.6,2.4259,5,403,14.7,292.29,9.95688540013035,0,0.0140977982688906,2,0.0097113489350619,"nsga2condice",171
1.20742,0,19.58,"0",0.605,6.18926964284591,94.6,2.4259,5,403,14.7,292.29,9.95688540013035,0,0.0141266740543509,2,0.00968247314960157,"nsga2condice",171
1.20742,0,19.58,"0",0.605,6.14865866455132,94.6,2.42579918484557,5,403,14.7,292.29,10.129287842015,0,0.0131628705343677,3,0.00991439331976036,"nsga2condice",171
1.20742,0,19.58,"0",0.605,6.76127991590394,94.6,2.4259,5,403,14.7,363.426649397135,4.56521459772128,0,0.0478000262727253,3,0.00880123012755024,"nsga2condice",171
1.20742,0,19.58,"0",0.605,6.7659158974023,94.6,2.4259,5,403,14.7,363.438748640338,4.56485024160855,0,0.0478714764394616,3,0.00873472060578457,"nsga2condice",171
1.20742,0,19.58,"0",0.605,6.79035087077339,94.6,2.4259,5,403,14.7,364.21123559125,4.54530586448291,0,0.0484229458230692,3,0.00856589363521039,"nsga2condice",171
1.20742,0,19.58,"0",0.605,7.00712498347082,94.6,2.4259,5,403,14.7,368.092400799299,4.73734942193183,0,0.0519631718223244,3,0.00823184299857041,"nsga2condice",171
1.20742,0,19.58,"0",0.605,7.88798616604376,94.6,2.4259,5,403,14.7,368.127621956544,4.35625304570523,0,0.0657619720465983,3,0.00684456171426074,"nsga2condice",171
1.20742,0,19.58,"0",0.605,6.76228427247188,94.6,2.40579120482912,5,403,14.7,363.51597669714,4.53693973688162,0,0.0480328328446802,4,0.00872180920711171,"nsga2condice",171
1.20742,0,19.58,"0",0.605,6.76667264912465,94.6,2.4065021423415,5,403,14.7,363.392263290544,4.54998159657743,0,0.0480408614563266,4,0.00862506212489583,"nsga2condice",171
1.20742,0,19.58,"0",0.605,6.76923704229155,94.6,2.4065021423415,5,403,14.7,363.392263290544,4.54998159657743,0,0.048078658163136,4,0.00858726541808641,"nsga2condice",171
1.20742,0,19.58,"0",0.605,6.8351429212653,94.6,2.2316440735012,5,403,14.7,357.192903559231,4.83021815480561,0,0.0484758801178704,4,0.00802015722026076,"nsga2condice",171
1.20742,0,19.58,"0",0.605,6.77364130000921,94.6,2.25982201260387,5,403,14.7,364.201822557017,4.70948999852664,0,0.0489880513307618,4,0.00780740083375705,"nsga2condice",171
1.20742,0,19.58,"0",0.605,6.76127991590394,94.6,2.23245763266185,5,403,14.7,364.040907446021,4.53642291658025,0,0.0493334099396357,4,0.0076270636620778,"nsga2condice",171
1.20742,0,19.58,"0",0.605,6.78771258738006,94.6,2.26690100080242,5,403,14.7,364.21123559125,4.51236386839722,0,0.0495661773237863,4,0.00756250759248996,"nsga2condice",171
1.20742,0,19.58,"0",0.605,6.7880047639821,94.6,2.26690100080242,5,403,14.7,364.21123559125,4.51236386839722,0,0.0495704837279315,4,0.00755820118834475,"nsga2condice",171
1.20742,0,19.58,"0",0.605,6.79035087077339,94.6,2.26888506600203,5,403,14.7,364.21123559125,4.51236386839722,0,0.0495911846089561,4,0.00753750030732019,"nsga2condice",171
1.20742,0,19.58,"0",0.605,6.78796617085688,94.6,2.23245763266185,5,403,14.7,364.028681411542,4.50963471594835,0,0.0497812290952547,4,0.00728822298150825,"nsga2condice",171
1.20742,0,19.58,"0",0.605,7.00712498347082,94.6,2.26048889906978,5,403,14.7,368.092400799299,4.7204407915221,0,0.05315610916835,4,0.00703890565254482,"nsga2condice",171
1.20742,0,19.58,"0",0.605,7.00712498347082,94.6,2.25982910017082,5,403,14.7,368.074998270043,4.7204407915221,0,0.0531573489465608,4,0.00703091487278769,"nsga2condice",171
1.20742,0,19.58,"0",0.605,7.00712498347082,94.6,2.23619298527075,5,403,14.7,368.006563854311,4.61776851833237,0,0.0535273414176178,4,0.00663437448794026,"nsga2condice",171
1.20742,0,19.58,"0",0.605033108327381,7.00541337800533,94.6,2.2329033714952,5,403,14.7,357.601609279689,4.61776851833237,0,0.0515121565966438,5,0.00683418857652676,"nsga2condice",171
0.21161,0,8.56,"0",0.52,6.51191042306204,87.4,2.7147,5,521.490228476934,20.9,394.47,2.22650424310938,0,0.0495111373891696,3,0.0451162678073356,"random",104
0.21161,0,8.56,"0",0.52,6.137,87.4,2.7147,5,384,13.9833612468094,394.47,16.696690430399,0,0.0635136276571763,2,0.0594679724798757,"random",104
0.21161,0,8.56,"0",0.52,8.61953129210835,50.5138760073809,2.7147,5,409.282811960205,20.9,394.47,13.44,0,0.0695230127955253,3,0.0441804488398887,"random",104
0.21161,0,20.785719138477,"0",0.52,6.88202632294362,98.9478149413131,2.7147,5,384,14.7265985182952,349.18748618166,13.7463200609013,0,0.114555116452164,6,0.0438665914045995,"random",104
0.21161,0,5.38546793354675,"0",0.52,7.06931829712307,87.4,2.7147,2.07141917175613,384,18.8494370321743,394.47,13.44,0,0.0492678719352267,4,0.0492678719352267,"random",104
0.21161,1.17344870232046,6.03488518133759,"0",0.52,6.137,51.8686902041081,2.14106288270452,1.4218833069317,384,20.9,387.359737750338,5.78687558660284,0,0.069774151226313,7,0.0438932536684397,"random",104
0.21161,0,8.56,"0",0.52,7.42256978167497,87.4,2.7147,5,384,20.9,394.47,13.44,0,0.0189480711258415,1,0.0189480711258415,"nsga2",104
0.21161,0,8.56,"0",0.52,6.60540973428186,87.4,2.7147,5,384,20.9,394.47,5.71202937157732,0,0.0233073139893095,2,0.0161562632581303,"nsga2",104
0.21161,0,8.56,"0",0.52,6.60873296238057,87.4,2.7147,5,384,20.9,394.47,5.71202937157732,0,0.0233562951984818,2,0.016107282048958,"nsga2",104
0.21161,0,8.56,"0",0.52,6.75064668385414,87.4,2.7147,5,384,20.9,394.47,5.82754648092102,0,0.0252027711694528,2,0.0144674715925429,"nsga2",104
0.21161,0,8.56,"0",0.52,6.59917418696978,87.4,2.7147,5,384,20.9,394.009888894793,5.71694802213064,0,0.0232942135985403,3,0.0163269748947778,"nsga2",104
0.21161,0,8.56,"0",0.52,7.41781719744835,87.4,2.7147,5,384,20.9,394.47,13.44,0,0.0188780225720864,1,0.0188780225720864,"nsga2ice",104
0.21161,0,8.56,"0",0.52,7.41852499899098,87.4,2.7147,5,384,20.9,394.47,13.44,0,0.0188884548910192,1,0.0188884548910192,"nsga2cond",104
0.21161,0,8.56,"0",0.52,7.41581151066672,65.5974413761806,2.7147,5,384,20.9,394.47,7.1278493254673,0,0.0495187304416584,3,0.0163133880744009,"nsga2cond",104
0.21161,0,8.56,"0",0.52,7.41850425719528,87.4,2.7147,5,384,20.9,394.47,13.44,0,0.0188881491767548,1,0.0188881491767548,"nsga2condice",104
0.21161,0,8.56,"0",0.52,6.87826690195689,87.4,2.7147,5,384,20.9,394.47,8.38847388866982,0,0.0216479430775593,2,0.0109126435006493,"nsga2condice",104
5.9980512238842,0,18.1,"0",0.58,7.43269790889602,71,4.73057145729635,20.5422995863482,598.284865342081,20.0603113011923,368.74,9.13684363381937,0,0.084970926751977,7,0.0596031648929161,"random",469
3.16819633441045,2.36908223014325,18.1,"1",0.58,5.926,79.4793269512244,1.16639061264121,24,666,20.2,376.277887866232,1.89170443192124,0,0.144305141506257,7,0.0423535928548459,"random",469
15.5757,13.6590007925406,18.1,"0",0.58,6.81292761961836,71,2.9084,24,508.173489495181,20.2,368.74,1.80473426673561,0,0.0814003175232805,4,0.0741000505651356,"random",469
15.5757,0,18.1,"0",0.58,5.926,6.28738006944768,2.9084,24,228.036516989581,20.2,368.74,1.85132729683071,0,0.150111712916432,3,0.135678069997943,"random",469
19.1664588748414,0,18.1,"0",0.607368264593184,5.926,71,2.9084,24,666,15.4962244060822,368.74,3.64670398941264,0,0.0766710517672179,4,0.0766710517672179,"random",469
15.5757,0,18.1,"0",0.58,6.22812339574905,71,2.9084,24,666,20.2,368.74,1.73,0,0.039263674337065,2,0.039263674337065,"nsga2",469
15.5757,0,18.1,"0",0.58,6.61955376359813,71,2.9084,24,666,20.2,368.74,3.27174299068332,0,0.0417604782997574,2,0.0383055172918202,"nsga2",469
15.5757,0,18.1,"0",0.58,6.64051422566345,71,2.9084,24,666,20.2,368.74,3.35212074054544,0,0.0418988055684116,2,0.0378259701646921,"nsga2",469
15.5757,0,18.1,"0",0.58,6.64123340808955,71,2.9084,24,666,20.2,368.74,3.35212074054544,0,0.0419094056307002,2,0.0378153701024035,"nsga2",469
15.5757,0,18.1,"0",0.58,6.6484451194639,71,2.9084,24,666,20.2,368.74,3.33561789548731,0,0.04205072833367,2,0.0377441053254744,"nsga2",469
15.5757,0,18.1,"0",0.58,6.65249040805091,71,2.9084,24,666,20.2,368.74,3.33994713580318,0,0.0421011627732031,2,0.0376752923823079,"nsga2",469
15.5757,0,18.1,"0",0.58,6.65572323697363,71,2.9084,24,666,20.2,368.74,3.35212074054544,0,0.0421229718736304,2,0.0376018038594733,"nsga2",469
15.5757,0,18.1,"0",0.58,6.65695234515409,71,2.9084,24,666,20.2,368.74,3.35212074054544,0,0.0421410877546636,2,0.0375836879784402,"nsga2",469
15.5757,0,18.1,"0",0.58,6.65813524963678,71,2.9084,24,666,20.2,368.74,3.35758719914952,0,0.0421469195242908,2,0.037554649982781,"nsga2",469
15.5757,0,18.1,"0",0.58,6.65993580824741,71,2.9084,24,666,20.2,368.74,3.34814667850864,0,0.0421934965019453,2,0.0375481499309241,"nsga2",469
15.5757,0,18.1,"0",0.58,6.66004149382886,71,2.9084,24,666,20.2,368.74,3.34814667850864,0,0.0421950542065078,2,0.0375465922263616,"nsga2",469
15.5757,0,18.1,"0",0.58,6.6613202830326,71,2.9084,24,666,20.2,368.74,3.35212074054544,0,0.042205466988506,2,0.0375193087445977,"nsga2",469
15.5757,0,18.1,"0",0.58,6.66577180699811,71,2.9084,24,666,20.2,368.74,3.33855595355196,0,0.042299870838145,2,0.0374824901683221,"nsga2",469
15.5757,0,18.1,"0",0.58,6.66829650977644,71,2.9084,24,666,20.2,368.74,3.3474583621059,0,0.0423181862811259,2,0.0374263821945467,"nsga2",469
15.5757,0,18.1,"0",0.58,6.6684115770551,71,2.9084,24,666,20.2,368.74,3.3474583621059,0,0.0423198822629476,2,0.0374246862127251,"nsga2",469
15.5757,0,18.1,"0",0.58,6.74296823461053,71,2.9084,24,666,20.2,368.74,3.69790480077136,0,0.0426749180864791,2,0.0355819341442222,"nsga2",469
15.5757,0,18.1,"0",0.58,6.7472503598746,71,2.9084,24,666,20.2,368.74,3.72390756162223,0,0.042682839026163,2,0.0354636262082279,"nsga2",469
15.5757,0,18.1,"0",0.58,6.64051422566345,71,2.9084,24,666,20.2,370.389033698273,3.35212074054544,0,0.0422186622077303,3,0.0375061135253734,"nsga2",469
15.5757,0,18.1,"0",0.580033761379492,6.67026637835332,71,2.9084,24,666,20.2,368.74,3.34814667850864,0,0.0423511029231904,3,0.0374012308726076,"nsga2",469
15.5757,0,18.1,"0",0.58,6.7417842566023,71,2.9084,24,666,20.2,369.482356726717,3.75173230320871,0,0.042687205086748,3,0.0353411384733923,"nsga2",469
15.5757,0,18.1,"0",0.578962205999258,6.74648704245166,71,2.9084,24,666,20.2,368.74,3.74157155880776,0,0.0427983547224278,3,0.0352731232595199,"nsga2",469
14.1313313505604,0,18.1,"0",0.58,6.74436548238521,71,2.9084,24,666,20.2,368.74,3.34814667850864,0,0.0446867058528531,3,0.0350549405800163,"nsga2",469
13.8706032737717,0,18.1,"0",0.58,6.7587843096279,71,2.9084,24,666,20.2,368.74,3.28319153182294,0,0.0452625241593565,3,0.0350138147253322,"nsga2",469
15.5757,0,18.1,"0",0.58,6.63918255758054,71,2.9084,24,666,20.2,385.899862013738,3.31119135521539,0,0.0452944863793796,3,0.0346040428998697,"nsga2",469
15.5757,0,18.1,"0",0.58,6.66251821848917,71,2.9084,24,666,20.2,384.540343460662,3.34814667850864,0,0.0452962898022076,3,0.0344453566306618,"nsga2",469
15.5757,0,18.1,"0",0.58,6.63918255758054,71,2.9084,24,666,20.2,386.776362897282,3.31256095380921,0,0.0454615907276089,3,0.0344311243276897,"nsga2",469
15.5757,0,18.1,"0",0.559595693470781,6.66614585610501,71,2.9084,24,666,20.2,368.74,3.35860607116273,0,0.0454923770800124,3,0.0342048671086131,"nsga2",469
15.5757,0,18.1,"0",0.58,6.61367330401539,71,2.9084,24,666,20.2,390.163881980018,3.31248594509577,0,0.0457428317733483,3,0.0341502017091597,"nsga2",469
15.5757,0,18.1,"0",0.58,6.61481282495214,71,2.9084,24,666,20.2,390.325957219947,3.31248594509577,0,0.0457910643265448,3,0.0341019691559632,"nsga2",469
15.5757,0,18.1,"0",0.58,6.62800115703493,71,2.9084,24,666,20.2,390.145467744073,3.30618297820082,0,0.0459638175958482,3,0.0339559732601313,"nsga2",469
15.5757,0,18.1,"0",0.559595693470781,6.74652827203565,71,2.9084,24,666,20.2,368.74,3.66420721215782,0,0.0460284677139124,3,0.0323714376183916,"nsga2",469
15.5757,0,18.1,"0",0.55772172207603,6.74501800683953,71,2.9084,24,666,20.2,368.74,3.67187757814985,0,0.0462865350414485,3,0.0320808080307434,"nsga2",469
15.5757,0,18.1,"0",0.58,6.74261050567147,71,2.9084,24,666,20.2,391.148984089103,3.34435672567885,0,0.0477666704683582,3,0.0319910650833335,"nsga2",469
15.5757,0,18.1,"0",0.58,6.74077026096171,71,2.9084,24,666,20.2,392.613920193112,3.45773597042899,0,0.0477830360143961,3,0.0314933816363356,"nsga2",469
6.25499690764299,0,18.1,"0",0.58,6.61367330401539,71,2.9084,24,666,20.2,368.74,3.31248594509577,0,0.0496459753069706,3,0.0302470581755374,"nsga2",469
6.17170010627044,0,18.1,"0",0.58,6.67636453935026,71,2.9084,24,666,20.2,368.74,3.67187757814985,0,0.0498791572044289,3,0.028488185867763,"nsga2",469
14.1189978303762,0,18.1,"0",0.58,6.74503561831582,71,2.9084,24,666,20.2,365.41423356936,3.67566288699443,0,0.0446571461090829,4,0.0349842994635924,"nsga2",469
14.0200132426351,0,18.1,"0",0.58,6.74501800683953,71,2.9084,24,666,20.2,365.470684716251,3.67187757814985,0,0.0447395533874451,4,0.0348960623715065,"nsga2",469
15.5757,0,18.1000000257885,"0",0.558854856844969,6.65249040805091,71,2.9084,24,666,20.2,368.74,3.32749722401639,0,0.0454743986630413,4,0.0343549090397844,"nsga2",469
15.5404958456827,0,18.1,"0",0.58,6.64051422566345,71,2.9084,24,666,20.2,387.47914478668,3.35212074054544,0,0.0455640018470723,4,0.0341607738860314,"nsga2",469
15.5757,0,18.1000000275362,"0",0.559649755696294,6.74648704245166,71,2.9084,24,666,20.2,368.74,3.67187757814985,0,0.0460030221193269,4,0.0323643211081558,"nsga2",469
15.5757,0,18.1000000255834,"0",0.552682541026613,6.74436548238521,71,2.9084,24,666,20.2,368.74,3.42392515727143,0,0.0476008128727249,4,0.0318191386850529,"nsga2",469
6.25499690764299,0,18.1,"0",0.58,6.61367330401539,71,2.9084,24,666,20.2,390.163881980018,3.31248594509577,0,0.0538014821947104,4,0.0260915512877975,"nsga2",469
6.32313038385945,0,18.1,"0",0.58,6.64051422566345,71,2.9084,24,666,20.2,395.088162927906,3.31009103092102,0,0.0550984107954409,4,0.0255876999783233,"nsga2",469
5.21039302034244,0,18.1,"0",0.58,6.64051422566345,71,2.9084,24,666,20.2,392.19987513095,3.31009103092102,0,0.0555002500746078,4,0.0252637204017445,"nsga2",469
4.28305687429622,0,18.1,"0",0.58,6.74361943011525,71,2.9084,24,666,20.2,391.784283555068,3.25764959451919,0,0.0578523958347604,4,0.0247377429797949,"nsga2",469
4.28305687429622,0,18.1,"0",0.58,6.74361943011525,71,2.9084,24,666,20.2,392.713440885147,3.25764959451919,0,0.05803262086067,4,0.0245575179538852,"nsga2",469
6.25569104765082,0,18.1,"0",0.547363321358799,6.61367330401539,71,2.9084,24,666,20.2,396.688184042911,1.73,0,0.0635910285991078,5,0.0244235889532326,"nsga2",469
15.5757,0,18.1,"0",0.58,6.3113836354585,71,2.9084,24,666,20.2,368.74,1.95929495300741,0,0.0400041489717882,2,0.0400041489717882,"nsga2ice",469
15.5757,0,18.1,"0",0.58,6.82433468272658,71,2.9084,24,666,20.2,368.74,3.85396198958233,0,0.0435429346265354,2,0.0362426676683905,"nsga2ice",469
15.5757,0,18.1,"0",0.58,6.98201588871012,71,2.9084,24,666,20.2,368.74,4.68827210774386,0,0.0440960971742565,2,0.0356151191862957,"nsga2ice",469
15.5757,0,18.1,"0",0.58,6.98328779440408,71,2.9084,24,666,20.2,368.74,4.68827210774386,0,0.0441148438497757,2,0.0355963725107765,"nsga2ice",469
15.5757,0,18.1,"0",0.58,7.0226471106754,71,2.9084,24,666,20.2,368.74,4.68827210774386,0,0.0446949625915229,2,0.0350162537690293,"nsga2ice",469
15.5757,0,18.1,"0",0.58,7.22697828698344,71,2.9084,24,666,20.2,368.74,5.7132755740731,0,0.0455309351813528,2,0.0347216564198906,"nsga2ice",469
12.6142227596791,0,18.1,"0",0.58,7.01696493138571,71,2.9084,24,666,20.2,368.74,5.73562127221003,0,0.0449485916858376,3,0.0303164149427306,"nsga2ice",469
12.6405730015676,0,18.1,"0",0.58,7.02445638808872,71,2.9084,24,666,20.2,368.74,5.73106436565632,0,0.0450458987655208,3,0.0302384528560585,"nsga2ice",469
12.3797109694962,0,18.1,"0",0.58,7.02399423873953,71,2.9084,24,666,20.2,368.74,5.76935779346627,0,0.0451833459276575,3,0.0299384423223394,"nsga2ice",469
12.3797109694962,0,18.1,"0",0.58,7.02445638808872,71,2.9084,24,666,20.2,368.74,5.76935779346627,0,0.0451901575678065,3,0.0299316306821904,"nsga2ice",469
12.3797109694962,0,18.1,"0",0.58,7.0266668577059,71,2.9084,24,666,20.2,368.74,5.76984885925582,0,0.0452216954424557,3,0.0298980081336171,"nsga2ice",469
11.6190886071154,0,18.1,"0",0.58,7.02683805045255,71,2.9084,24,666,20.2,368.74,6.0661229329152,0,0.045252978568082,3,0.0286089814451644,"nsga2ice",469
10.9401805685078,0,18.1,"0",0.58,7.02496523175891,71,2.9084,24,666,20.2,368.74,6.22359619661232,0,0.0454781037726632,3,0.0277153502816042,"nsga2ice",469
10.9401805685078,0,18.1,"0",0.58,7.02503773102362,71,2.9084,24,666,20.2,368.74,6.22364621719518,0,0.0454790661688409,3,0.027714175537902,"nsga2ice",469
10.9264927847553,0,18.1,"0",0.58,7.02503494946368,71,2.9084,24,666,20.2,368.74,6.22277074423461,0,0.0454927178660392,3,0.0277042404010729,"nsga2ice",469
10.9237669238414,0,18.1,"0",0.58,7.02503494946368,71,2.9084,24,666,20.2,368.74,6.22277074423461,0,0.0454950746367661,3,0.027701883630346,"nsga2ice",469
10.9501834516227,0,18.1,"0",0.58,7.02751355514624,71,2.9084,24,666,20.2,368.74,6.21906801469485,0,0.0455166266907041,3,0.0276960504146648,"nsga2ice",469
10.9416929575757,0,18.1,"0",0.58,7.02751355514624,71,2.9084,24,666,20.2,368.74,6.21906801469485,0,0.0455239675450099,3,0.0276887095603589,"nsga2ice",469
10.9264927847553,0,18.1,"0",0.58,7.02751355514624,71,2.9084,24,666,20.2,368.74,6.21906801469485,0,0.0455371095663672,3,0.0276755675390017,"nsga2ice",469
6.94266893396603,0,18.1,"0",0.58,7.01580891535835,71,2.9084,24,666,20.2,368.74,7.07442276485472,0,0.0469934186140674,3,0.0228615917172093,"nsga2ice",469
6.870606407207,0,18.1,"0",0.58,7.01580891535835,71,2.9084,24,666,20.2,368.74,7.08123394838203,0,0.047041266218738,3,0.0228137441125387,"nsga2ice",469
6.48046053822335,0,18.1,"0",0.58,7.01507439511168,71,2.9084,24,666,20.2,368.74,7.12662580358489,0,0.0472714101581496,3,0.0225836001731271,"nsga2ice",469
6.48046053822335,0,18.1,"0",0.58,7.01580891535835,71,2.9084,24,666,20.2,368.74,7.12064963719078,0,0.0472949213047844,3,0.0225600890264923,"nsga2ice",469
6.48046053822335,0,18.1,"0",0.58,7.01580891535835,71,2.9084,24,666,20.2,368.74,7.08123394838203,0,0.0473785851034106,3,0.0224764252278661,"nsga2ice",469
6.48046053822335,0,18.1,"0",0.58,7.01580891535835,71,2.9084,24,666,20.2,368.74,7.02779721038084,0,0.0474920100015282,3,0.0223630003297485,"nsga2ice",469
6.48046053822335,0,18.1,"0",0.58,7.02545585642731,71,2.9084,24,666,20.2,368.74,7.08123394838203,0,0.0475207718039126,3,0.0223342385273641,"nsga2ice",469
4.68661945624644,0,18.1,"0",0.58,7.01543776217856,71,2.9084,24,666,20.2,368.74,7.52253035345445,0,0.0479873675933701,3,0.0211925866824279,"nsga2ice",469
10.9416929575757,0,18.1,"0",0.58,7.02751355514624,71,2.9084,24,666,20.2,370.50961833128,6.21906801469485,0,0.0458672135156125,4,0.0273454635897564,"nsga2ice",469
10.6701023531566,0,18.1,"0",0.578227266923805,7.02585252168539,71,2.9084,24,666,20.2,368.74,6.264328775309,0,0.0459188158514505,4,0.0271017201407661,"nsga2ice",469
10.8387418170191,0,18.1,"0",0.565283991183571,6.8955295106527,71,2.9084,24,666,20.2,368.74,5.82467400750767,0,0.046834020775569,4,0.0266841966792832,"nsga2ice",469
10.8309108775186,0,18.1,"0",0.565283991183571,6.8955295106527,71,2.9084,24,666,20.2,368.74,5.82467400750767,0,0.0468407913810995,4,0.0266774260737527,"nsga2ice",469
10.8387418170191,0,18.1,"0",0.564615723132647,6.8955295106527,71,2.9084,24,666,20.2,368.74,5.82467400750767,0,0.0469397928634012,4,0.026578424591451,"nsga2ice",469
6.870606407207,0,18.1,"0",0.579997654895937,7.02763300643583,71,2.9084,24,666,20.2,368.74,7.08123394838203,0,0.0472159132098638,4,0.0226390971214129,"nsga2ice",469
6.62026987599957,0,18.1,"0",0.580061422770621,7.01580891535835,71,2.9084,24,666,20.2,368.74,7.08123394838203,0,0.0472674282614106,4,0.0226070258085877,"nsga2ice",469
6.48046053822335,0,18.1,"0",0.560780721987009,7.02545585642731,71,2.9084,24,666,20.2,368.74,7.08123394838203,0,0.0505627594602897,4,0.019292250870987,"nsga2ice",469
6.48046053822335,0,18.1,"0",0.58,7.02468750405025,71,2.9084,24,666,20.2,395.473809008625,7.08123394838203,0,0.0526948997614469,4,0.0172352953258885,"nsga2ice",469
5.36466310393352,0,18.1,"0",0.531468302049211,7.02586396488609,71,2.9084,24,666,20.2,368.74,7.23401626029803,0,0.055848702892985,4,0.0148083636617375,"nsga2ice",469
10.9401805685078,0,18.1,"0",0.579995291973824,7.02496523175891,71,2.9084,24,666,20.2,368.740394578423,6.22451744728423,0,0.0454769700361464,5,0.0277125731220779,"nsga2ice",469
6.62026987599957,0,18.1,"0",0.580061422770621,7.02756957637542,71,2.9084,24,666,20.2,368.745536897576,7.08123394838203,0,0.0474418431462204,5,0.0224326109237779,"nsga2ice",469
6.48046053822335,0,18.1,"0",0.534830236309535,7.02718731439429,71,2.9084,24,666,20.2,396.9,7.25236501376795,0,0.059794511206857,5,0.0106889492964676,"nsga2ice",469
9.45606007854249,0,18.1,"0",0.58,5.926,71,2.9084,24,666,20.2,368.74,1.73,0,0.0401016852753788,2,0.0401016852753788,"nsga2cond",469
4.67021411759059,0,18.1,"0",0.58,5.926,69.5054131118747,2.9084,24,666,20.2,368.74,1.92852938647005,0,0.0450021325604572,3,0.0395394536997152,"nsga2cond",469
4.67021411759059,0,18.1,"0",0.58,5.926,69.4605585618249,2.9084,24,666,20.2,368.74,1.92852938647005,0,0.0450376665460785,3,0.0395039197140939,"nsga2cond",469
9.45606007854249,0,18.1,"0",0.58,6.40635405363618,71,2.9084,24,666,20.2,368.74,2.19424642480252,0,0.0461962352469121,3,0.0384439519131866,"nsga2cond",469
8.84610672467042,0,18.1,"0",0.58,6.40198462261975,71,2.9084,24,666,20.2,368.74,2.00152784397337,0,0.0470682624878173,3,0.0383900541544903,"nsga2cond",469
9.28891873164473,0,18.1,"0",0.58,6.43963133689098,71,2.9084,24,666,20.2,368.74,2.00152784397337,0,0.0472402852502199,3,0.0382180313920878,"nsga2cond",469
9.10234806870715,0,18.1,"0",0.58,6.44307040108028,71,2.9084,24,666,20.2,368.74,1.92541296623432,0,0.0476138437286458,3,0.0381675960149483,"nsga2cond",469
9.79536243938052,0,18.1,"0",0.58,6.50862586217182,71,2.9084,24,666,20.2,368.74,1.98196311406274,0,0.0478608571731663,3,0.0376805157177006,"nsga2cond",469
7.53981408522905,0,18.1,"0",0.58,6.39271993937218,71,2.9084,24,666,20.2,368.74,2.08302832948295,0,0.0478881333385946,3,0.0372241972045893,"nsga2cond",469
7.25979223102535,0,18.1,"0",0.58,6.4010132870814,71,2.9084,24,666,20.2,368.74,2.18492576579686,0,0.0480361877279615,3,0.0366435675209708,"nsga2cond",469
7.13640758260548,0,18.1,"0",0.58,6.4010132870814,71,2.9084,24,666,20.2,368.74,2.16359421697323,0,0.0481881440815246,3,0.0365821679207768,"nsga2cond",469
6.70829344494174,0,18.1,"0",0.58,6.38946415598495,71,2.9084,24,666,20.2,368.74,2.18912447808388,0,0.0483338764764199,3,0.0363280543868484,"nsga2cond",469
6.82655002471135,0,18.1,"0",0.58,6.4010132870814,71,2.9084,24,666,20.2,368.74,2.18466291176426,0,0.0484113255039717,3,0.0362695456136675,"nsga2cond",469
6.70812469633069,0,18.1,"0",0.58,6.4010132870814,71,2.9084,24,666,20.2,368.74,2.18492576579686,0,0.0485131577340724,3,0.0361665975148599,"nsga2cond",469
6.70829344494174,0,18.1,"0",0.58,6.43760430240146,71,2.9084,24,666,20.2,368.74,2.18912447808388,0,0.0490434162706113,3,0.0356185145926569,"nsga2cond",469
9.6653112946282,0,18.1,"0",0.58,7.52414815770921,71,2.9084,24,666,20.2,368.74,8.06344644439206,0,0.0500325626039014,3,0.0318469041343997,"nsga2cond",469
4.76243095236636,0,18.1,"0",0.58,7.48263773450369,71,2.9084,24,666,20.2,368.74,9.66895357640853,0,0.0502519016576836,3,0.0235882135063963,"nsga2cond",469
5.0758035646329,0,18.1,"0",0.58,5.926,69.4589819601327,2.91073061547908,24,666,20.2,368.74,1.92852938647005,0,0.0447045467886426,4,0.0395509342060185,"nsga2cond",469
9.05427749648869,0,18.1,"0",0.58,6.4010132870814,71,2.9084,24,666,20.1391040370205,368.74,3.12435184768417,0,0.0449889845709578,4,0.0366993769365942,"nsga2cond",469
6.78853264090396,0,18.1,"0",0.58,6.38629526956393,71,2.9084,24,666,20.2,368.670524570215,2.18565989038911,0,0.0482386253783355,4,0.0364649651194012,"nsga2cond",469
6.82655002471135,0,18.1,"0",0.58,6.4010132870814,71,2.9177043536939,24,666,20.2,368.74,2.18492576579686,0,0.0484758513218498,4,0.0362039039270825,"nsga2cond",469
6.82655002471135,0,18.1,"0",0.58,6.4010132870814,71,2.92039844397444,24,666,20.2,368.74,2.18492576579686,0,0.048494696424914,4,0.0361850588240182,"nsga2cond",469
7.53981408522905,0,18.1,"0",0.58,6.50989986972936,71,2.9084,24,666,20.2,368.739951570399,2.08302832948295,0,0.049615263022908,4,0.0354970863076779,"nsga2cond",469
4.44091039718192,0,18.1,"0",0.58,7.52400784967296,69.2406896014514,2.9084,24,666,20.2,368.74,9.66895357640853,0,0.0525333772871519,4,0.0228824284986992,"nsga2cond",469
4.67021411759059,0,18.1,"0",0.58,5.91286062804915,71,2.90777706915794,24,666,20.2,369.850074962413,2.0964771036301,0,0.0438749638237009,5,0.0399623650725104,"nsga2cond",469
9.05427749648869,0,18.1,"0",0.58,6.4010132870814,71,2.9084,24,666,20.1391040370205,376.759496707998,3.12435184768417,0,0.0465444950912908,5,0.0351438664162612,"nsga2cond",469
4.65443473667025,0,18.1,"0",0.58,7.32660258853379,69.4589819601327,2.9084,24,666,20.2,375.732019510898,8.97813377703948,0,0.0520888174050682,5,0.020492462097573,"nsga2cond",469
8.00754178678324,0,18.1,"0",0.58,5.926,71,2.9084,24,666,20.2,368.74,1.91866580644887,0,0.0409536072938973,2,0.0409536072938973,"nsga2condice",469
5.4385140619132,0,18.1,"0",0.58,5.926,71,2.9084,24,666,20.2,368.74,2.12786994749191,0,0.0427307235262027,2,0.0406785163365945,"nsga2condice",469
15.5757,0,18.1,"0",0.58,6.80700813530178,71,2.9084,24,666,20.2,368.74,4.00571230201046,0,0.0429654524260322,2,0.0356651854678873,"nsga2condice",469
13.8920919465478,0,18.1,"0",0.58,6.73057586287813,71,2.9084,24,666,20.2,368.74,4.00606403576839,0,0.0432938093165027,3,0.0336548444297487,"nsga2condice",469
13.6055185132796,0,18.1,"0",0.58,6.72784235743714,71,2.9084,24,666,20.2,368.74,3.93612950467749,0,0.0436497336783147,3,0.0335958063435814,"nsga2condice",469
13.6055185132796,0,18.1,"0",0.58,6.72858364954818,71,2.9084,24,666,20.2,368.74,3.93612950467749,0,0.0436606596162491,3,0.0335848804056471,"nsga2condice",469
15.5757,0,18.1,"0",0.58,6.81325434119113,71,2.9084,24,666,20.2,381.320716546988,4.00571230201046,0,0.0454977480920673,3,0.0333170160237736,"nsga2condice",469
8.84435663412419,0,18.1,"0",0.58,6.73921446802817,71,2.9084,24,666,20.2,368.74,4.02826710285939,0,0.0477382618357424,3,0.0291161353852457,"nsga2condice",469
7.8819562666471,0,18.1,"0",0.58,6.74587752043426,71,2.9084,24,666,20.2,368.74,4.00571230201046,0,0.0487164320341638,3,0.028233714893264,"nsga2condice",469
7.78811450042527,0,18.1,"0",0.58,6.74209955707756,71,2.9084,24,666,20.2,368.74,4.00822107831849,0,0.0487365586235582,3,0.0282029380393594,"nsga2condice",469
15.5757,0,18.1,"0",0.535760273909043,6.74540035165058,71,2.9084,24,666,20.2,368.74,4.00570562697029,0,0.0490595992236356,3,0.0278905760406922,"nsga2condice",469
5.91782424426916,0,18.1,"0",0.58,6.73429769654683,71,2.9084,24,666,20.2,368.74,4.01844218009983,0,0.0502169183645173,3,0.0266791876472654,"nsga2condice",469
5.83156789793301,0,18.1,"0",0.58,6.73121960350222,71,2.9084,24,666,20.2,368.74,4.00571230201046,0,0.0502731476341089,3,0.0266769992933189,"nsga2condice",469
13.6554127065843,0,18.1,"0",0.58,6.72858364954818,71.0020561725981,2.9084,24,666,20.2,368.74,4.00477546589624,0,0.0434734421465624,4,0.0334806818402737,"nsga2condice",469
13.6554127065843,0,18.1,"0",0.58,6.72858364954818,73.9580728046527,2.9084,24,666,20.2,368.74,3.23129744623182,0,0.0474569980066798,4,0.0327806971283327,"nsga2condice",469
8.84435663412419,0,18.1,"0",0.58,6.73921446802817,71.0727818430313,2.9084,24,666,20.2,368.74,4.00543417132879,0,0.047844385168092,4,0.029106942480518,"nsga2condice",469
7.8819562666471,0,18.1,"0",0.58,6.73115782527527,71.0740814230751,2.9084,24,666,20.2,368.74,4.00571230201046,0,0.0485581654337815,4,0.0283919814936463,"nsga2condice",469
7.5034160409987,0,18.1,"0",0.58,6.73121960350222,71,2.9084,24,666,20.2,373.895932543263,3.98759192527152,0,0.0498662114942537,4,0.0271608601094304,"nsga2condice",469
7.5034160409987,0,18.1,"0",0.58,6.73121960350222,71,2.9084,24,666,20.2,374.169704673202,3.98759192527152,0,0.0499193140072667,4,0.0271077575964174,"nsga2condice",469
5.91088467466815,0,18.1,"0",0.58,6.73395095028548,73.7246399443182,2.9084,24,666,20.2,368.74,4.15157464166944,0,0.0520936930134991,4,0.0242372386835883,"nsga2condice",469
7.87598259514161,0,18.1,"0",0.58,6.7623605220814,71,2.9084,24,666,20.2,394.122705348237,3.98830459477061,0,0.0539248746097483,4,0.0238719144616414,"nsga2condice",469
7.53713959678796,0,18.1,"0",0.58,6.7623605220814,71,2.9084,24,666,20.2,394.12419099421,3.98830459477061,0,0.054218125359654,4,0.0235792400416536,"nsga2condice",469
5.66809863328508,0,18.1,"0",0.58,6.75923489890505,71,2.9084,24,666,20.2,392.595265799976,3.98759192527152,0,0.0554929766178614,4,0.0218756306165134,"nsga2condice",469
13.3919865407718,0,18.1,"0",0.58,6.72858364954818,70.9959602159615,2.9084,24,666,20.2,368.348487905186,3.94801375713429,0,0.0438991935638977,5,0.0334541762168218,"nsga2condice",469
5.90946858027186,0,18.1,"0",0.58,6.73395095028548,73.7246399443182,2.9084,24,666,20.2,374.356793231818,4.13465762688328,0,0.0532202929361601,5,0.0231824549215071,"nsga2condice",469
6.28671345705689,0,18.1,"0",0.58,6.7623605220814,70.9156678220508,2.9084,24,666,20.2,390.05903280265,4.0053319399205,0,0.0545414030363221,5,0.0229083398892084,"nsga2condice",469
7.53713959678796,0,18.1,"0",0.58,6.80524980718904,74.0647461224766,2.9084,24,666,20.2,392.765879877344,3.98830459477061,0,0.0570147124583411,5,0.0216379925301191,"nsga2condice",469
5.91876853159676,0,18.1,"0",0.58,7.00667087347664,74.3694764032092,2.9084,24,666,20.2,395.083918452675,4.24966912227168,0,0.0615189621076303,5,0.020054212927876,"nsga2condice",469
0.03041,0,5.19,"0",0.515,7.87941309000063,59.6,5.615,5,224,20.2,394.81,10.56,0,0.0292483542382217,1,0.0292483542382217,"random",338
0.03041,0,5.19,"0",0.515,6.82298609953422,59.6,5.615,5,224,20.2,394.81,10.56,0,0.0136776290703232,1,0.0136776290703232,"nsga2",338
0.03041,0,5.19,"0",0.515,6.82373395625378,59.6,5.615,5,224,20.2,394.81,10.56,0,0.0136886517643194,1,0.0136886517643194,"nsga2ice",338
0.03041,0,5.19,"0",0.515,6.8149295929972,59.6,5.615,5,224,20.2,394.81,10.56,0,0.0135588838562825,1,0.0135588838562825,"nsga2cond",338
0.03041,0,5.19,"0",0.515,6.81519979317309,59.6,5.615,5,224,20.2,394.81,10.56,0,0.0135628663488893,1,0.0135628663488893,"nsga2condice",338
0.0304331083795714,0,5.19,"0",0.515,6.81518782283947,59.6,5.615,5,224,20.2,394.81,10.56,0,0.0135627098970329,2,0.0135627098970329,"nsga2condice",338
13.3138223561488,0,8.14,"0",0.538,6.98176166080055,36.6,3.7965,4,307,21,288.99,11.69,0,0.0333053382727485,2,0.0333053382727485,"random",19
0.80271,0,8.14,"0",0.498028392887674,6.82170332618593,40.6723517016973,3.7965,4,307,21,288.99,11.69,0,0.0296819227166999,3,0.0296819227166999,"random",19
0.80271,0,8.14,"0",0.538,6.76131445301361,36.6,3.7965,4,307,21,288.99,11.69,0,0.0192390887292528,1,0.0192390887292528,"nsga2",19
0.80271,0,8.14,"0",0.538,6.77944362737166,36.6,3.7965,4,307,21,288.99,11.69,0,0.019506295449639,1,0.019506295449639,"nsga2ice",19
0.80271,0,8.14,"0",0.538,6.75989369467853,36.6,3.7965,4,307,21,288.99,11.69,0,0.0192181481079271,1,0.0192181481079271,"nsga2cond",19
0.80271,0,8.14,"0",0.538,6.75989143031544,36.6,3.7965,4,307,21,288.989999970695,11.69,0,0.0192181147390614,2,0.0192181147390614,"nsga2cond",19
0.80271,0,8.14,"0",0.538,6.75876303008354,36.6,3.7965,4,307,21,288.99,11.69,0,0.0192014831913502,1,0.0192014831913502,"nsga2condice",19
0.07022,0,4.05,"0",0.51,6.02,57.0896977792261,3.5549,5,296,16.6,393.23,17.749499523323,0,0.0240502779631608,2,0.0240502779631608,"random",177
0.07022,0,4.05,"0",0.51,6.02,47.2,7.55210898399297,5,296,16.6,393.23,10.11,0,0.0279603901238809,1,0.0279603901238809,"random",177
0.07022,0,4.05,"0",0.51,5.4872849164845,66.1045207911404,3.88454509069175,5,296,16.6,393.23,10.11,0,0.0251338222845663,3,0.016817396205278,"random",177
0.07022,3.39685580693185,4.05,"0",0.51,6.15369353643595,47.2,3.5549,5,296,16.6,393.23,17.6657068076544,0,0.0206212353863335,3,0.0206212353863335,"random",177
0.07022,0,4.05,"0",0.51,5.56234617113925,47.2,3.5549,5,296,16.6,393.23,10.11,0,0.00674538047166048,1,0.00674538047166048,"nsga2",177
0.07022,0,4.05,"0",0.51,6.02,47.2,3.5549,5,296,16.6,393.23,14.4049817572262,0,0.00911653455006418,1,0.00911653455006418,"nsga2ice",177
0.07022,0,4.05,"0",0.51,5.73838166729825,47.2,3.5549,5,296,16.6,393.23,11.5589467867279,0,0.00722632190162752,2,0.00722632190162752,"nsga2ice",177
0.07022,0,4.05,"0",0.51,5.43604472363273,47.2,3.5549,5,296,16.6,393.23,10.11,0,0.00860694321587209,1,0.00860694321587209,"nsga2cond",177
0.07022,0,4.05,"0",0.510638322851644,5.593016913957,47.2,3.5549,5,296,16.6,393.23,10.11,0,0.00639435543030495,2,0.00639435543030495,"nsga2cond",177
0.07022,0,4.05,"0",0.51,5.59952406988365,47.2,3.5549,5,296,16.6,393.23,10.11,0,0.00619741374145276,1,0.00619741374145276,"nsga2condice",177
0.0702197220874771,0,4.05,"0",0.51,5.59952664524744,47.2,3.5549,5,296,16.6,393.23,10.11,0,0.00619737602333185,2,0.00619737602333185,"nsga2condice",177
0.0459,52.5,5.32,"0",0.405,5.75739496456087,45.6,7.3172,6,293,16.6,396.9,7.6,0,0.00821856582367878,1,0.00821856582367878,"random",289
0.0459,52.5,5.32,"0",0.405,6.315,45.6,7.3172,6,293,16.6,396.9,13.0264119270241,0,0.011518109880761,1,0.011518109880761,"nsga2",289
0.0459,52.5,5.32,"0",0.405,5.81199315564791,45.6,7.3172,6,293,16.6,396.9,7.6,0,0.00741384061715461,1,0.00741384061715461,"nsga2ice",289
0.0459,52.5,5.32,"0",0.405,5.81528874127406,45.6,7.3172,6,293,16.6,396.9,7.6,0,0.00736526683163497,1,0.00736526683163497,"nsga2cond",289
0.0459,52.5,5.32,"0",0.405,5.77524440419261,45.6,7.3172,6,293,16.6,396.9,7.6,0,0.00795548212606888,1,0.00795548212606888,"nsga2condice",289
0.0459,52.5,5.32,"0",0.405,5.78835068067682,45.6,7.3172,6,293,16.6,396.725750956251,7.6,0,0.00779610653238101,2,0.00779610653238101,"nsga2condice",289
0.1265,25,5.13,"0",0.453,5.55737409148039,43.4,7.9809,8,284,19.7,395.58,9.5,0,0.017755035720365,1,0.016665783203073,"random",64
0.1265,25,5.13,"0",0.453,6.44762816239234,43.4,7.9809,8,284,19.7,395.58,9.5,0,0.00463354072556873,1,0.00463354072556873,"nsga2",64
0.1265,25,5.13,"0",0.453,5.93624018008328,43.4,6.89955727621768,8,284,19.7,395.58,9.5,0,0.0197348802071453,2,0.00424394506536063,"nsga2",64
0.1265,25,5.13,"0",0.453,5.92312973551887,43.4,6.92516537404453,8,284,19.7,395.58,9.5,0,0.0197489875535002,2,0.00398566954782231,"nsga2",64
0.1265,25,5.13,"0",0.453,6.44442283300576,43.4,7.9809,8,284,19.7,395.58,9.5,0,0.00468078422029324,1,0.00468078422029324,"nsga2ice",64
0.1265,25,5.13,"0",0.453,6.44763225490123,43.4,7.9809,8,284,19.7,395.58,9.5,0,0.00463348040589516,1,0.00463348040589516,"nsga2cond",64
0.1265,25,5.13,"0",0.453,6.44715797059104,43.4,7.9809,8,284,19.7,395.58,9.5,0,0.00464047090378293,1,0.00464047090378293,"nsga2condice",64
