"CRIM","ZN","INDUS","CHAS1","NOX","RM","AGE","DIS","RAD","TAX","PTRATIO","B","LSTAT","binaryClass"
0,0.18,0.0678152492668622,0,0.314814814814815,0.577505269208661,0.641606591143151,0.269203139066464,0,0.208015267175572,0.287234042553192,1,0.0896799116997793,0
0.000235922539178428,0,0.242302052785924,0,0.172839506172839,0.547997700708948,0.7826982492276,0.348961980194418,0.0434782608695652,0.104961832061069,0.553191489361702,1,0.204470198675497,1
0.000235697744000554,0,0.242302052785924,0,0.172839506172839,0.694385897681548,0.599382080329557,0.348961980194418,0.0434782608695652,0.104961832061069,0.553191489361702,0.989737253517575,0.0634657836644592,0
0.000292795719180469,0,0.063049853372434,0,0.150205761316872,0.65855527878904,0.441812564366632,0.448544589838955,0.0869565217391304,0.066793893129771,0.648936170212766,0.994276060315699,0.0333885209713024,0
0.000705070075400799,0,0.063049853372434,0,0.150205761316872,0.68710480935045,0.52832131822863,0.448544589838955,0.0869565217391304,0.066793893129771,0.648936170212766,1,0.0993377483443709,0
0.000264471526768385,0,0.063049853372434,0,0.150205761316872,0.549722168997892,0.574665293511843,0.448544589838955,0.0869565217391304,0.066793893129771,0.648936170212766,0.992990065056231,0.0960264900662252,0
0.000921323036515279,0.125,0.271627565982405,0,0.286008230452675,0.469630197355815,0.656024716786818,0.402922641835426,0.173913043478261,0.236641221374046,0.276595744680851,0.996721972868022,0.295253863134658,0
0.00155367187187394,0.125,0.271627565982405,0,0.286008230452675,0.500287411381491,0.959835221421215,0.438387181842155,0.173913043478261,0.236641221374046,0.276595744680851,1,0.480684326710817,0
0.00230325139249373,0.125,0.271627565982405,0,0.286008230452675,0.396627706457176,1,0.450354190726477,0.173913043478261,0.236641221374046,0.276595744680851,0.974103585657371,0.778145695364238,1
0.00184017332607395,0.125,0.271627565982405,0,0.286008230452675,0.468097336654531,0.854788877445932,0.496730896889123,0.173913043478261,0.236641221374046,0.276595744680851,0.974305310403954,0.424116997792495,1
0.00245667410139252,0.125,0.271627565982405,0,0.286008230452675,0.539566966851887,0.94129763130793,0.474415517100274,0.173913043478261,0.236641221374046,0.276595744680851,0.988955570124565,0.516556291390728,1
0.00124929920103298,0.125,0.271627565982405,0,0.286008230452675,0.469055374592834,0.82389289392379,0.463503350944357,0.173913043478261,0.236641221374046,0.276595744680851,1,0.318432671081678,1
0.000983029312841604,0.125,0.271627565982405,0,0.286008230452675,0.446062464073577,0.37178166838311,0.392956196746356,0.173913043478261,0.236641221374046,0.276595744680851,0.983862020273337,0.385761589403974,1
0.00700731528467837,0,0.281524926686217,0,0.314814814814815,0.457558919333206,0.60659114315139,0.325355327410452,0.130434782608696,0.229007633587786,0.893617021276596,1,0.180187637969095,1
0.00709948130760657,0,0.281524926686217,0,0.314814814814815,0.485725234719295,0.840370751802266,0.303021760678009,0.130434782608696,0.229007633587786,0.893617021276596,0.957436078470926,0.23537527593819,1
0.00698067705610033,0,0.281524926686217,0,0.314814814814815,0.435524046752251,0.552008238928939,0.30635906482736,0.130434782608696,0.229007633587786,0.893617021276596,0.996772404054667,0.18598233995585,1
0.0117748838146123,0,0.281524926686217,0,0.314814814814815,0.454876413105959,0.271884654994851,0.30635906482736,0.130434782608696,0.229007633587786,0.893617021276596,0.974658328710475,0.133830022075055,0
0.00874318364821893,0,0.281524926686217,0,0.314814814814815,0.465414830427285,0.811534500514933,0.284471078212951,0.130434782608696,0.229007633587786,0.893617021276596,0.974406172777246,0.357064017660044,1
0.00895123158534102,0,0.281524926686217,0,0.314814814814815,0.363096378616593,0.347064881565397,0.242513799343451,0.130434782608696,0.229007633587786,0.893617021276596,0.727898532452469,0.274834437086093,1
0.00808678172882778,0,0.281524926686217,0,0.314814814814815,0.415022034872581,0.685890834191555,0.242513799343451,0.130434782608696,0.229007633587786,0.893617021276596,0.984996721972868,0.263520971302428,1
0.0139987825093166,0,0.281524926686217,0,0.314814814814815,0.384939643609887,0.98043254376931,0.242641107948604,0.130434782608696,0.229007633587786,0.893617021276596,0.948736698774522,0.532284768211921,1
0.00950568889156645,0,0.281524926686217,0,0.314814814814815,0.460624640735773,0.888774459320288,0.262137511480508,0.130434782608696,0.229007633587786,0.893617021276596,0.988980785717888,0.333885209713024,1
0.0137816303674907,0,0.281524926686217,0,0.314814814814815,0.494539183751677,0.914521112255407,0.258918422464513,0.130434782608696,0.229007633587786,0.893617021276596,1,0.468818984547461,1
0.011038679607076,0,0.281524926686217,0,0.314814814814815,0.431500287411381,1,0.269675999599887,0.130434782608696,0.229007633587786,0.893617021276596,0.994049119975793,0.500827814569536,1
0.00836170623136729,0,0.281524926686217,0,0.314814814814815,0.452768729641694,0.93923789907312,0.297356527748729,0.130434782608696,0.229007633587786,0.893617021276596,0.993519592516012,0.402041942604857,1
0.00937643166428908,0,0.281524926686217,0,0.314814814814815,0.390496263652041,0.852729145211123,0.302357937236858,0.130434782608696,0.229007633587786,0.893617021276596,0.764284633617429,0.407836644591612,1
0.00748107112204715,0,0.281524926686217,0,0.314814814814815,0.431500287411381,0.90010298661174,0.32303649210232,0.130434782608696,0.229007633587786,0.893617021276596,0.949518382167532,0.360927152317881,1
0.0106715890816083,0,0.281524926686217,0,0.314814814814815,0.476336462923932,0.884654994850669,0.302248815575299,0.130434782608696,0.229007633587786,0.893617021276596,0.771748449241011,0.429083885209713,1
0.00861718595102073,0,0.281524926686217,0,0.314814814814815,0.562176662195823,0.942327497425335,0.302367030708654,0.130434782608696,0.229007633587786,0.893617021276596,0.977406828382672,0.30546357615894,1
0.0111962610267655,0,0.281524926686217,0,0.314814814814815,0.596474420387047,0.869207003089598,0.282752412043394,0.130434782608696,0.229007633587786,0.893617021276596,0.957965605930708,0.282836644591612,1
0.0126389964783587,0,0.281524926686217,0,0.314814814814815,0.412339528645334,0.93923789907312,0.282206803735598,0.130434782608696,0.229007633587786,0.893617021276596,0.907383125724948,0.575883002207505,1
0.0151556908922435,0,0.281524926686217,0,0.314814814814815,0.481126652615444,1,0.276932590093572,0.130434782608696,0.229007633587786,0.893617021276596,0.949140148267689,0.312086092715232,1
0.0155296376706364,0,0.281524926686217,0,0.314814814814815,0.457750526920866,0.814624098867147,0.260109667269867,0.130434782608696,0.229007633587786,0.893617021276596,0.585707801704574,0.716887417218543,1
0.0128740198368257,0,0.281524926686217,0,0.314814814814815,0.410040237593409,0.948506694129763,0.241668106466368,0.130434782608696,0.229007633587786,0.893617021276596,0.903852942659741,0.458609271523179,1
0.0180566726627034,0,0.281524926686217,0,0.314814814814815,0.485725234719295,0.968074150360453,0.2391764951941,0.130434782608696,0.229007633587786,0.893617021276596,0.625321498814867,0.513520971302428,1
0.000650220051999621,0,0.201612903225806,0,0.234567901234568,0.454493197930638,0.672502574665294,0.202848075366694,0.173913043478261,0.175572519083969,0.702127659574468,1,0.219370860927152,1
0.00102416683039249,0,0.201612903225806,0,0.234567901234568,0.436865299865875,0.602471678681771,0.204448526402895,0.173913043478261,0.175572519083969,0.702127659574468,0.95123304251349,0.267108167770419,1
0.000829719001531754,0,0.201612903225806,0,0.234567901234568,0.438589768154819,0.397528321318229,0.255035510007366,0.173913043478261,0.175572519083969,0.702127659574468,1,0.194260485651214,1
0.0018964845181313,0,0.201612903225806,0,0.234567901234568,0.460816248323434,0.281153450051493,0.247133283016123,0.173913043478261,0.175572519083969,0.702127659574468,0.99125018911695,0.231788079470199,0
0.000239519262024406,0.75,0.0912756598240469,0,0.088477366255144,0.58133742096187,0.194644696189495,0.38842764779165,0.0869565217391304,0.124045801526718,0.606382978723404,0.99679761964799,0.0714679911699779,0
0.000306508225030763,0.75,0.0912756598240469,0,0.088477366255144,0.663537076068212,0.132852729145211,0.38842764779165,0.0869565217391304,0.124045801526718,0.606382978723404,0.996772404054667,0.00689845474613687,0
0.00136135959720301,0,0.236436950146628,0,0.12962962962963,0.614868748802453,0,0.417508570597168,0.0869565217391304,0.0877862595419847,0.563829787234042,0.971027283271976,0.0858167770419426,0
0.00151939060724821,0,0.236436950146628,0,0.12962962962963,0.499712588618509,0.0381050463439753,0.417508570597168,0.0869565217391304,0.0877862595419847,0.563829787234042,0.965883302234102,0.112582781456954,0
0.0017201327010894,0,0.236436950146628,0,0.12962962962963,0.507760107300249,0.0370751802265706,0.417508570597168,0.0869565217391304,0.0877862595419847,0.563829787234042,0.99384739522921,0.157560706401766,0
0.00130797074245801,0,0.236436950146628,0,0.12962962962963,0.480551829852462,0.382080329557158,0.417508570597168,0.0869565217391304,0.0877862595419847,0.563829787234042,0.981063089414494,0.215783664459161,1
0.00185568419334723,0,0.236436950146628,0,0.12962962962963,0.40639969342786,0.318228630278064,0.361083578099282,0.0869565217391304,0.0877862595419847,0.563829787234042,1,0.233995584988963,1
0.00204608570900624,0,0.236436950146628,0,0.12962962962963,0.426326882544549,0.31307929969104,0.361083578099282,0.0869565217391304,0.0877862595419847,0.563829787234042,1,0.342715231788079,1
0.00250590424534685,0,0.236436950146628,0,0.12962962962963,0.473079133933704,0.850669412976313,0.41464412698124,0.0869565217391304,0.0877862595419847,0.563829787234042,0.989510313177669,0.471026490066225,1
0.00278240231413148,0,0.236436950146628,0,0.12962962962963,0.352174746119946,0.951596292481977,0.431066937045895,0.0869565217391304,0.0877862595419847,0.563829787234042,1,0.80242825607064,1
0.00239912653585685,0,0.236436950146628,0,0.12962962962963,0.391071086415022,0.6086508753862,0.450863425147087,0.0869565217391304,0.0877862595419847,0.563829787234042,1,0.399282560706402,1
0.0009262685304285,0.21,0.189882697947214,0,0.111111111111111,0.460241425560452,0.440782698249228,0.516972965108349,0.130434782608696,0.106870229007634,0.446808510638298,0.99662111049473,0.323399558498896,1
0.000416433067010993,0.21,0.189882697947214,0,0.111111111111111,0.489365778884844,0.618949536560247,0.516972965108349,0.130434782608696,0.106870229007634,0.446808510638298,0.992611831156387,0.212472406181015,1
0.00053141580049338,0.21,0.189882697947214,0,0.111111111111111,0.565242383598391,0.187435633367662,0.516972965108349,0.130434782608696,0.106870229007634,0.446808510638298,1,0.0979580573951435,0
0.000488817114286318,0.21,0.189882697947214,0,0.111111111111111,0.466947691128569,0.190525231719876,0.516972965108349,0.130434782608696,0.106870229007634,0.446808510638298,1,0.184878587196468,0
8.18254447460197e-05,0.75,0.129765395894428,0,0.0514403292181069,0.445870856485917,0.460350154479918,0.562894997681165,0.0869565217391304,0.538167938931298,0.904255319148936,1,0.360651214128035,1
7.63179628881145e-05,0.9,0.0278592375366569,0,0.0370370370370371,0.706648783291818,0.1956745623069,0.688103010848512,0.173913043478261,0.0744274809160305,0.563829787234042,0.997554087447678,0.0849889624724062,0
0.000159941769057124,0.85,0.0102639296187683,0,0.0514403292181069,0.54071661237785,0.337796086508754,0.732751957369804,0.0434782608695652,0.240458015267176,0.5,1,0.111479028697572,0
8.99180711494722e-05,1,0.031524926686217,0,0.0534979423868313,0.623682697834834,0.387229660144181,0.654293482708763,0.173913043478261,0.131679389312977,0.265957446808511,0.989913762670836,0.0612582781456954,0
0.00166494548492141,0.25,0.171187683284457,0,0.139917695473251,0.495114006514658,0.270854788877446,0.607916776546118,0.304347826086957,0.185114503816794,0.75531914893617,0.984315900953149,0.141556291390728,0
0.0010898070223316,0.25,0.171187683284457,0,0.139917695473251,0.453343552404675,0.456230690010299,0.527639607525757,0.304347826086957,0.185114503816794,0.75531914893617,1,0.206677704194261,1
0.00160728552179681,0.25,0.171187683284457,0,0.139917695473251,0.417704541099828,0.651905252317199,0.554319853776974,0.304347826086957,0.185114503816794,0.75531914893617,0.995486408795199,0.315121412803532,1
0.0018589437234264,0.25,0.171187683284457,0,0.139917695473251,0.460816248323434,0.932028836251287,0.517318517036619,0.304347826086957,0.185114503816794,0.75531914893617,0.952544253366282,0.350717439293598,1
0.00116837293699845,0.25,0.171187683284457,0,0.139917695473251,0.554703966277065,0.668383110195675,0.55432894724877,0.304347826086957,0.185114503816794,0.75531914893617,1,0.137969094922737,1
0.00135079422384295,0.25,0.171187683284457,0,0.139917695473251,0.613335888101169,0.417095777548919,0.623021033200266,0.304347826086957,0.185114503816794,0.75531914893617,0.996671541681376,0.214403973509934,0
0.000148252419807692,0.175,0.0337243401759531,0,0.0639917695473251,0.67886568308105,0.582904222451081,0.735961952914003,0.0869565217391304,0.0553435114503816,0.638297872340426,0.990771092843815,0.17439293598234,0
0.000331797682541552,0.8,0.106671554252199,0,0.0267489711934157,0.522897106725426,0.153450051493306,0.498495030417663,0.130434782608696,0.286259541984733,0.372340425531915,1,0.0811258278145695,0
0.00042115376574634,0.8,0.106671554252199,0,0.0267489711934157,0.426518490132209,0.290422245108136,0.498495030417663,0.130434782608696,0.286259541984733,0.372340425531915,1,0.234823399558499,1
0.000579634366147285,0.125,0.205645161290323,0,0.0493827160493826,0.443954780609312,0.190525231719876,0.488173939928525,0.130434782608696,0.301526717557252,0.670212765957447,0.998260124060719,0.175772626931567,1
0.00145240164424185,0.125,0.205645161290323,0,0.0493827160493826,0.389538225713738,0.349124613800206,0.488173939928525,0.130434782608696,0.301526717557252,0.670212765957447,1,0.313465783664459,1
0.00136945222360646,0.125,0.205645161290323,0,0.0493827160493826,0.445296033722935,0.309989701338826,0.488173939928525,0.130434782608696,0.301526717557252,0.670212765957447,1,0.194812362030905,1
0.000920985843748469,0,0.379398826979472,0,0.0576131687242798,0.547231270358306,0.0381050463439753,0.378079276887123,0.130434782608696,0.225190839694656,0.702127659574468,0.966791063593726,0.137693156732892,0
0.00171338884575319,0,0.379398826979472,0,0.0576131687242798,0.459858210385131,0.150360453141092,0.378079276887123,0.130434782608696,0.225190839694656,0.702127659574468,0.94966967572747,0.224889624724062,1
0.000958976228809121,0,0.379398826979472,0,0.0576131687242798,0.47978539950182,0.0504634397528321,0.378079276887123,0.130434782608696,0.225190839694656,0.702127659574468,0.984895859599576,0.104580573951435,0
0.00212510121402884,0,0.379398826979472,0,0.0576131687242798,0.514274765280705,0.0339855818743563,0.378079276887123,0.130434782608696,0.225190839694656,0.702127659574468,0.950249634373897,0.160320088300221,0
0.000816456086037207,0,0.453445747800587,0,0.106995884773663,0.519639777735198,0.0319258496395469,0.283889096017969,0.173913043478261,0.402671755725191,0.648936170212766,0.995007312522064,0.139348785871965,0
0.000998090589759141,0,0.453445747800587,0,0.106995884773663,0.522130676374784,0.433573635427394,0.306722803699224,0.173913043478261,0.402671755725191,0.648936170212766,0.965530283927581,0.198951434878587,1
0.00107013744426766,0,0.453445747800587,0,0.106995884773663,0.520789423261161,0.737384140061792,0.26576580672735,0.173913043478261,0.402671755725191,0.648936170212766,0.941398961117555,0.282560706401766,1
0.000907610530664984,0,0.453445747800587,0,0.106995884773663,0.494155968576356,0.441812564366632,0.269248606425447,0.173913043478261,0.402671755725191,0.648936170212766,0.974935700237027,0.235651214128035,1
0.000563561510929317,0,0.453445747800587,0,0.106995884773663,0.511783866641119,0.523171987641607,0.353235911938819,0.173913043478261,0.402671755725191,0.648936170212766,0.973523627010944,0.292770419426049,1
0.000871643302205196,0,0.453445747800587,0,0.106995884773663,0.44318835025867,0.347064881565397,0.306722803699224,0.173913043478261,0.402671755725191,0.648936170212766,0.997881890160875,0.203366445916115,1
0.000391256007089141,0.25,0.161290322580645,0,0.0843621399176955,0.606629622533052,0.31513903192585,0.388391273904464,0.130434782608696,0.179389312977099,0.680851063829787,1,0.098233995584989,0
0.000430482765628098,0.25,0.161290322580645,0,0.0843621399176955,0.585936003065721,0.695159629248198,0.388391273904464,0.130434782608696,0.179389312977099,0.680851063829787,0.99679761964799,0.151490066225166,0
0.000340227501711815,0.25,0.161290322580645,0,0.0843621399176955,0.525196397777352,0.301750772399588,0.388391273904464,0.130434782608696,0.179389312977099,0.680851063829787,1,0.137693156732892,0
0.000328088562106637,0.25,0.161290322580645,0,0.0843621399176955,0.499329373443188,0.451081359423275,0.388391273904464,0.130434782608696,0.179389312977099,0.680851063829787,0.984215038579858,0.159492273730684,0
0.000497584126223392,0,0.147727272727273,0,0.131687242798354,0.541866257903813,0.464469618949537,0.331893533632205,0.0869565217391304,0.114503816793893,0.627659574468085,1,0.217715231788079,0
0.000573564896344696,0,0.147727272727273,0,0.131687242798354,0.588043686529987,0.54788877445932,0.300821140503233,0.0869565217391304,0.114503816793893,0.627659574468085,0.988400827071461,0.132450331125828,0
0.000512083415196244,0,0.147727272727273,0,0.131687242798354,0.470205020118797,0.434603501544799,0.29986632596459,0.0869565217391304,0.114503816793893,0.627659574468085,0.997705381007615,0.307119205298013,1
0.000732719882279261,0,0.147727272727273,0,0.131687242798354,0.490515424410807,0.555097837281153,0.238067091634915,0.0869565217391304,0.114503816793893,0.627659574468085,0.995587271168491,0.185154525386313,1
0.000565135077174432,0,0.108137829912023,0,0.213991769547325,0.660279747077984,0.858908341915551,0.208431467049805,0.0434782608695652,0.158396946564886,0.553191489361702,1,0.104028697571744,0
0.000524896740335044,0,0.108137829912023,0,0.213991769547325,0.674075493389538,0.619979402677652,0.20777673708045,0.0434782608695652,0.158396946564886,0.553191489361702,0.997881890160875,0.109547461368653,0
0.000455435030372077,0,0.108137829912023,0,0.213991769547325,0.547231270358306,0.650875386199794,0.178477570951814,0.0434782608695652,0.158396946564886,0.553191489361702,0.988098239951586,0.195364238410596,0
0.000370912043491573,0,0.108137829912023,0,0.213991769547325,0.544931979306381,0.731204943357364,0.17845938400822,0.0434782608695652,0.158396946564886,0.553191489361702,0.991552776236825,0.178532008830022,1
0.000401371790093456,0.28,0.534457478005865,0,0.162551440329218,0.552021460049818,0.522142121524202,0.230637725177095,0.130434782608696,0.158396946564886,0.595744680851064,0.99523425286197,0.17742825607064,0
0.000252107791985333,0.28,0.534457478005865,0,0.162551440329218,0.507760107300249,0.267765190525232,0.230637725177095,0.130434782608696,0.158396946564886,0.595744680851064,0.998562711180594,0.123620309050773,0
0.000411599970686709,0.28,0.534457478005865,0,0.162551440329218,0.515041195631347,0.766220391349125,0.226009148032627,0.130434782608696,0.158396946564886,0.595744680851064,1,0.24448123620309,1
0.00130066489917711,0,0.0890762463343109,0,0.123456790123457,0.587085648591684,0.565396498455201,0.215115168820304,0.0434782608695652,0.169847328244275,0.574468085106383,0.901860910787231,0.135761589403974,0
0.00122198658692133,0,0.0890762463343109,0,0.123456790123457,0.498562943092547,0.68692070030896,0.215115168820304,0.0434782608695652,0.169847328244275,0.574468085106383,0.987215694185284,0.265176600441501,1
0.00128706479091576,0,0.0890762463343109,0,0.123456790123457,0.863767005173405,0.752832131822863,0.215115168820304,0.0434782608695652,0.169847328244275,0.574468085106383,1,0.0684326710816777,0
0.000849163784417828,0,0.0890762463343109,0,0.123456790123457,0.816056715845948,0.350154479917611,0.215115168820304,0.0434782608695652,0.169847328244275,0.574468085106383,0.991502345050179,0.0507726269315673,0
0.000700012183898641,0,0.0890762463343109,0,0.123456790123457,0.738647250431117,0.613800205973223,0.215115168820304,0.0434782608695652,0.169847328244275,0.574468085106383,1,0.123068432671082,0
0.00159986728092698,0,0.29692082111437,0,0.277777777777778,0.606629622533052,0.792996910401648,0.149878602151515,0.173913043478261,0.375954198473282,0.882978723404255,0.994603863028897,0.21219646799117,0
0.00121389396051787,0,0.29692082111437,0,0.277777777777778,0.616976432266718,0.70442842430484,0.156998790568251,0.173913043478261,0.375954198473282,0.882978723404255,0.996671541681376,0.163907284768212,0
0.00250017196831107,0,0.29692082111437,0,0.277777777777778,0.544931979306381,0.849639546858908,0.144140621447863,0.173913043478261,0.375954198473282,0.882978723404255,0.177719501739876,0.245584988962472,1
0.00230741010328439,0,0.29692082111437,0,0.277777777777778,0.493581145813374,0.870236869207003,0.144140621447863,0.173913043478261,0.375954198473282,0.882978723404255,0.993872610822533,0.323123620309051,1
0.00149803506535021,0,0.29692082111437,0,0.277777777777778,0.499329373443188,0.897013388259526,0.117433094781257,0.173913043478261,0.375954198473282,0.882978723404255,0.989384235211055,0.292494481236203,1
0.00141958154827229,0,0.29692082111437,0,0.277777777777778,0.438781375742479,0.966014418125644,0.0888704998681447,0.173913043478261,0.375954198473282,0.882978723404255,0.99281355590297,0.40673289183223,1
0.00185321144639062,0,0.29692082111437,0,0.277777777777778,0.435907261927572,0.916580844490216,0.0983368040084024,0.173913043478261,0.375954198473282,0.882978723404255,0.996898482021282,0.467163355408389,1
0.00140328389787645,0,0.29692082111437,0,0.277777777777778,0.491665069936769,0.847579814624099,0.0902799879966172,0.173913043478261,0.375954198473282,0.882978723404255,0.976776438549599,0.341059602649007,1
0.00136787865736135,0,0.29692082111437,0,0.277777777777778,0.558152902854953,0.970133882595263,0.118515217925052,0.173913043478261,0.375954198473282,0.882978723404255,0.995814211508397,0.29083885209713,1
0.00289210236093384,0,0.29692082111437,0,0.277777777777778,0.511209043878137,0.909371781668383,0.128718093280834,0.173913043478261,0.375954198473282,0.882978723404255,0.98570275858591,0.381346578366446,1
0.00114207190118723,0,0.29692082111437,0,0.277777777777778,0.504694385897682,0.53038105046344,0.149878602151515,0.173913043478261,0.375954198473282,0.882978723404255,0.991401482676887,0.31098233995585,1
0.00106238201063101,0,0.350073313782991,0,0.333333333333333,0.604330331481127,0.810504634397528,0.140757849939528,0.217391304347826,0.467557251908397,0.553191489361702,0.996696757274699,0.232615894039735,0
0.00131471459779422,0,0.350073313782991,0,0.333333333333333,0.450661046177429,0.926879505664264,0.111285907846757,0.217391304347826,0.467557251908397,0.553191489361702,0.995082959302032,0.399558498896247,1
0.00242553996925701,0,0.350073313782991,0,0.333333333333333,0.484958804368653,0.952626158599382,0.128981803962935,0.217391304347826,0.467557251908397,0.553191489361702,1,0.423841059602649,1
0.00152849481195209,0,0.350073313782991,0,0.333333333333333,0.515999233569649,0.837281153450051,0.102474333675854,0.217391304347826,0.467557251908397,0.553191489361702,0.979424075848505,0.240618101545254,1
0.00185478501263574,0,0.350073313782991,0,0.333333333333333,0.453535159992336,0.878475798146241,0.121261446407624,0.217391304347826,0.467557251908397,0.553191489361702,0.868904130314186,0.387141280353201,1
0.00140789219902286,0,0.350073313782991,0,0.333333333333333,0.501053841732133,0.716786817713697,0.145541016104539,0.217391304347826,0.467557251908397,0.553191489361702,0.990922386403752,0.284492273730684,1
0.00162594352156033,0,0.350073313782991,0,0.333333333333333,0.471354665644759,0.820803295571576,0.14711418672535,0.217391304347826,0.467557251908397,0.553191489361702,0.993973473195824,0.236479028697572,1
0.00139665244012918,0,0.350073313782991,0,0.333333333333333,0.442805135083349,0.722966014418126,0.122570906346334,0.217391304347826,0.467557251908397,0.553191489361702,0.853068737707398,0.376379690949227,1
0.00155603222124162,0,0.350073313782991,0,0.333333333333333,0.415788465223223,0.641606591143151,0.148187216397348,0.217391304347826,0.467557251908397,0.553191489361702,0.986383579605628,0.327814569536424,1
0.000704395689867178,0,0.923387096774194,0,0.403292181069959,0.442421919908028,0.687950566426365,0.102583455337413,0.0434782608695652,0.00190839694656486,0.691489361702128,0.980457915174744,0.34878587196468,1
0.000734293448524377,0,0.923387096774194,0,0.403292181069959,0.468097336654531,0.836251287332647,0.0971000918440652,0.0434782608695652,0.00190839694656486,0.691489361702128,0.951510414040042,0.346026490066225,1
0.000974149903315594,0,0.923387096774194,0,0.403292181069959,0.459858210385131,0.926879505664264,0.0870518055088252,0.0434782608695652,0.00190839694656486,0.691489361702128,0.952569468959605,0.447019867549669,1
0.00161919966622412,0,0.923387096774194,0,0.403292181069959,0.439739413680782,0.969104016477858,0.0740936081986742,0.0434782608695652,0.00190839694656486,0.691489361702128,0.93295173735438,0.653421633554084,1
0.00103596857723086,0,0.923387096774194,0,0.403292181069959,0.444146388196973,0.956745623069001,0.0797224672407679,0.0434782608695652,0.00190839694656486,0.691489361702128,0.95582228049826,0.437362030905077,1
0.00182870877200239,0,0.923387096774194,0,0.403292181069959,0.464648400076643,0.88053553038105,0.0785039420200238,0.0434782608695652,0.00190839694656486,0.691489361702128,0.970043875132382,0.360927152317881,1
0.00428268533126042,0,0.923387096774194,0,0.403292181069959,0.393178769879287,0.954685890834192,0.0570706289954442,0.0434782608695652,0.00190839694656486,0.691489361702128,0.905164153512532,0.704470198675497,1
0.00284174824109013,0,0.785557184750733,0,0.491769547325103,0.408507376892125,0.958805355303811,0.0598986987241859,0.130434782608696,0.477099236641221,0.914893617021276,0.987921730798326,0.426600441501104,1
0.00358671946056351,0,0.785557184750733,0,0.491769547325103,0.549913776585553,0.987641606591143,0.0620993188989624,0.130434782608696,0.477099236641221,0.914893617021276,1,0.376931567328918,1
0.00983400224885096,0,0.785557184750733,0,0.491769547325103,0.397777351983138,0.945417095777549,0.0773217906864662,0.130434782608696,0.477099236641221,0.914893617021276,1,0.458333333333333,1
0.0037511571331781,0,0.785557184750733,0,0.491769547325103,0.555087181452386,0.988671472708548,0.08992534259655,0.130434782608696,0.477099236641221,0.914893617021276,0.995309899641939,0.299944812362031,1
0.0133373226984233,0,0.785557184750733,0,0.491769547325103,0.529794979881203,0.976313079299691,0.103792887086361,0.130434782608696,0.477099236641221,0.914893617021276,1,0.290562913907285,1
0.00656098445901017,0,0.785557184750733,0,0.491769547325103,0.538608928913585,0.978372811534501,0.108921605179642,0.130434782608696,0.477099236641221,0.914893617021276,0.971909829038277,0.259105960264901,0
0.00363606200210678,0,0.785557184750733,0,0.491769547325103,0.433224755700326,0.952626158599382,0.121879802489793,0.130434782608696,0.477099236641221,0.914893617021276,0.97929799788189,0.366997792494481,1
0.0109008801630394,0,0.785557184750733,0,0.491769547325103,0.420770262502395,0.983522142121524,0.110612990933809,0.130434782608696,0.477099236641221,0.914893617021276,0.661758031166473,0.429911699779249,1
0.00619827743951099,0,0.785557184750733,0,0.491769547325103,0.531519448170148,0.981462409886715,0.0892160517964154,0.130434782608696,0.477099236641221,0.914893617021276,0.994376922688991,0.420253863134658,1
0.00355536053325013,0,0.785557184750733,0,0.491769547325103,0.456217666219582,0.933058702368692,0.0761396393529086,0.130434782608696,0.477099236641221,0.914893617021276,0.952972918452771,0.418598233995585,1
0.00388906897480361,0,0.785557184750733,0,0.491769547325103,0.554320751101744,0.983522142121524,0.0654911838790932,0.130434782608696,0.477099236641221,0.914893617021276,0.992889202682939,0.35485651214128,1
0.00273665649543419,0,0.785557184750733,0,0.491769547325103,0.439931021268442,0.981462409886715,0.049013812983659,0.130434782608696,0.477099236641221,0.914893617021276,0.987745221645065,0.540562913907285,1
0.00604923823658074,0,0.785557184750733,0,0.491769547325103,0.496263652040621,0.978372811534501,0.0490229064554556,0.130434782608696,0.477099236641221,0.914893617021276,1,0.461644591611479,1
0.0031986105859646,0,0.785557184750733,0,0.491769547325103,0.500670626556812,0.934088568486097,0.0438578144749884,0.130434782608696,0.477099236641221,0.914893617021276,0.977759846689193,0.6189293598234,1
0.0182344856484015,0,0.785557184750733,0,0.491769547325103,0.279363862808967,1,0.0281715756258582,0.130434782608696,0.477099236641221,0.914893617021276,1,0.901766004415011,1
0.0372567659976612,0,0.700879765395894,1,1,0.352941176470588,1,0.0174594658494667,0.173913043478261,0.412213740458015,0.223404255319149,1,0.692328918322296,1
0.0459827528147728,0,0.700879765395894,0,1,0.365395669668519,1,0.0256617774099974,0.173913043478261,0.412213740458015,0.223404255319149,1,0.681291390728477,1
0.0311725721109211,0,0.700879765395894,0,1,0.257137382640352,0.977342945417096,0.0196691794960398,0.173913043478261,0.412213740458015,0.223404255319149,1,0.760485651214128,1
0.0266721726498901,0,0.700879765395894,0,1,0.492239892699751,1,0.026325600851149,0.173913043478261,0.412213740458015,0.223404255319149,0.435195925160119,0.719370860927152,1
0.0241512071276257,0,0.700879765395894,0,1,0.396052883694194,1,0.0351917358528313,0.173913043478261,0.412213740458015,0.223404255319149,0.426017449190579,0.411699779249448,1
0.0265516824345498,0,0.700879765395894,0,1,0.261544357156543,0.955715756951596,0.03011757859033,0.173913043478261,0.412213740458015,0.223404255319149,0.986913107065409,0.767108167770419,1
0.0261287303073804,0,0.700879765395894,0,1,0.311362329948266,0.936148300720906,0.0363738871863889,0.173913043478261,0.412213740458015,0.223404255319149,0.899364567048263,0.733719646799117,1
0.0306581283463572,0,0.700879765395894,0,1,0.39011304847672,0.947476828012358,0.0360192417863216,0.173913043478261,0.412213740458015,0.223404255319149,0.886403752080287,0.544150110375276,1
0.0185487493070689,0,0.700879765395894,0,1,0.490707031998467,0.972193614830072,0.0444125162545809,0.173913043478261,0.412213740458015,0.223404255319149,0.939230420091785,0.341335540838852,1
0.0167472407515892,0,0.700879765395894,0,1,0.353132784058249,1,0.0420118397002792,0.173913043478261,0.412213740458015,0.223404255319149,0.860557768924303,0.318708609271523,1
0.0125914522982385,0,0.700879765395894,1,1,0.278022609695344,0.876416065911432,0.0437032254544463,0.173913043478261,0.412213740458015,0.223404255319149,0.864793988602552,0.286699779249448,1
0.0240852297429197,0,0.700879765395894,0,1,0.411573098294692,0.984552008238929,0.0448853767880039,0.173913043478261,0.412213740458015,0.223404255319149,0.659715568107318,0.387969094922737,1
0.0158202978356271,0,0.700879765395894,1,1,0.49204828511209,0.958805355303811,0.0563613381953096,0.173913043478261,0.412213740458015,0.223404255319149,0.808664077865752,0.36948123620309,1
0.0396616248105539,0,0.700879765395894,1,1,0.496455259628281,0.820803295571576,0.0560066927952423,0.173913043478261,0.412213740458015,0.223404255319149,0.221115537848606,0.366721854304636,1
0.0274290580137907,0,0.700879765395894,0,1,0.327840582487067,0.938208032955716,0.055179186861752,0.173913043478261,0.412213740458015,0.223404255319149,0.222678904634626,0.397626931567329,1
0.0136817089109258,0,0.700879765395894,0,0.452674897119341,0.648016861467714,0.973223480947477,0.0679918886231575,0.173913043478261,0.412213740458015,0.223404255319149,0.915603409148217,0.0789183222958057,0
0.0150221625565866,0,0.700879765395894,0,0.452674897119341,0.479977007089481,1,0.0570797224672408,0.173913043478261,0.412213740458015,0.223404255319149,0.89154773311816,0.129690949227373,0
0.0159458459424695,0,0.700879765395894,0,1,0.56505077601073,1,0.0578617610417481,0.173913043478261,0.412213740458015,0.223404255319149,0.917822381360633,0.156181015452539,0
0.0142423480845428,0,0.700879765395894,1,0.452674897119341,0.515232803219008,0.923789907312049,0.0608171393756422,0.173913043478261,0.412213740458015,0.223404255319149,0.853799989913763,0.104028697571744,0
0.0163767782984534,0,0.700879765395894,0,0.452674897119341,0.752634604330331,0.905252317198764,0.0765033782247724,0.173913043478261,0.412213740458015,0.223404255319149,0.943340561803419,0,0
0.0205400973902629,0,0.700879765395894,1,0.452674897119341,0.812607779268059,0.981462409886715,0.0828506215387973,0.173913043478261,0.412213740458015,0.223404255319149,0.981617832467598,0.00524282560706402,0
0.0170023832784758,0,0.700879765395894,1,0.452674897119341,0.922398926997509,0.937178166838311,0.0938810028280697,0.173913043478261,0.412213740458015,0.223404255319149,0.97869282364214,0.0438741721854305,0
0.0251325504766332,0,0.700879765395894,0,0.452674897119341,0.439356198505461,0.915550978372812,0.117524029499223,0.173913043478261,0.412213740458015,0.223404255319149,0.995486408795199,0.273454746136865,0
0.032794019728924,0,0.700879765395894,0,0.452674897119341,0.486683272657597,0.927909371781668,0.104920477589139,0.173913043478261,0.412213740458015,0.223404255319149,0.604770790256695,0.222958057395144,0
0.0225230156542866,0,0.700879765395894,0,0.452674897119341,0.836941942900939,0.96086508753862,0.0833234820722204,0.173913043478261,0.412213740458015,0.223404255319149,0.930404962428766,0.0543598233995585,0
0.0201636778649134,0,0.700879765395894,0,0.452674897119341,0.443763173021652,0.785787847579815,0.11787867489929,0.173913043478261,0.412213740458015,0.223404255319149,0.573125220636442,0.287251655629139,0
0.0257849060828226,0,0.700879765395894,0,0.452674897119341,0.52845372676758,0.959835221421215,0.0882430503141795,0.173913043478261,0.412213740458015,0.223404255319149,0.748323163044026,0.25855408388521,0
0.0274610913266377,0,0.700879765395894,0,0.452674897119341,0.544357156543399,0.950566426364573,0.10301994198365,0.173913043478261,0.412213740458015,0.223404255319149,0.831408543043018,0.26462472406181,1
0.0135000744072039,0,0.700879765395894,0,0.452674897119341,0.443379957846331,0.944387229660144,0.11787867489929,0.173913043478261,0.412213740458015,0.223404255319149,0.736219678249029,0.350441501103753,1
0.0259366428278874,0,0.700879765395894,0,0.452674897119341,0.444337995784633,0.972193614830072,0.114495903390956,0.173913043478261,0.412213740458015,0.223404255319149,0.877023551364164,0.284216335540839,1
0.00149286477625911,0,0.131598240469208,0,0.257201646090535,0.385322858785208,0.881565396498455,0.133355763897098,0.173913043478261,0.208015267175572,0.425531914893617,1,0.357615894039735,0
0.000960549795054236,0,0.131598240469208,0,0.257201646090535,0.547039662770646,0.836251287332647,0.13792068673899,0.173913043478261,0.208015267175572,0.425531914893617,0.996469816934793,0.201710816777042,0
0.000878387157541406,0,0.131598240469208,0,0.257201646090535,0.440314236443763,0.677651905252317,0.142976657057898,0.173913043478261,0.208015267175572,0.425531914893617,0.990745877250492,0.21826710816777,0
0.00067798225646702,0,0.131598240469208,0,0.257201646090535,0.571948649166507,0.311019567456231,0.182114959670453,0.173913043478261,0.208015267175572,0.425531914893617,0.985021937566191,0.0993377483443709,0
0.000718220593306409,0,0.131598240469208,0,0.257201646090535,0.471163058057099,0.456230690010299,0.220543971482872,0.173913043478261,0.208015267175572,0.425531914893617,0.990745877250492,0.231236203090508,0
0.000538721643774275,0,0.131598240469208,0,0.257201646090535,0.527687296416938,0.72605561277034,0.198956069437751,0.173913043478261,0.208015267175572,0.425531914893617,0.996721972868022,0.125827814569536,0
0.00067550950951041,0,0.131598240469208,0,0.257201646090535,0.632113431691895,0.736354273944387,0.162382125871837,0.173913043478261,0.208015267175572,0.425531914893617,0.985803620959201,0.143211920529801,0
0.000578622787846853,0,0.0733137829912024,0,0.211934156378601,0.655106342211152,0.571575695159629,0.154534459711373,0.0869565217391304,0.0114503816793893,0.553191489361702,1,0.0913355408388521,0
0.00066944003970782,0,0.0733137829912024,0,0.211934156378601,0.805518298524622,0.828012358393409,0.146532204530368,0.0869565217391304,0.0114503816793893,0.553191489361702,0.99662111049473,0.160871964679912,0
0.000703159316388872,0,0.0733137829912024,0,0.211934156378601,0.494922398926998,0.610710607621009,0.133519446389437,0.0869565217391304,0.0114503816793893,0.553191489361702,1,0.213024282560706,0
0.000952119975883973,0,0.0733137829912024,0,0.211934156378601,0.688637670051734,0.91967044284243,0.142858441924542,0.0869565217391304,0.0114503816793893,0.553191489361702,0.992990065056231,0.0852649006622517,0
0.00105383979387181,0,0.0733137829912024,0,0.211934156378601,0.575205978156735,0.954685890834192,0.156171284634761,0.0869565217391304,0.0114503816793893,0.553191489361702,1,0.108995584988962,0
0.000862763892679185,0,0.0733137829912024,0,0.211934156378601,0.391454301590343,0.894953656024717,0.168983986396166,0.0869565217391304,0.0114503816793893,0.553191489361702,0.985122799939483,0.338024282560706,0
0.00060863294409299,0,0.0733137829912024,0,0.211934156378601,0.496646867215942,0.678681771369722,0.195518737098637,0.0869565217391304,0.0114503816793893,0.553191489361702,0.97531393413687,0.315121412803532,0
0.000558616017016096,0,0.0733137829912024,0,0.211934156378601,0.818164399310213,0.522142121524202,0.188198492302376,0.0869565217391304,0.0114503816793893,0.553191489361702,0.989232941651117,0.0750551876379691,0
0.000814095736669534,0.45,0.109237536656891,0,0.106995884773663,0.617168039854378,0.39340885684861,0.24179541507152,0.173913043478261,0.402671755725191,0.276595744680851,0.992359675223158,0.13658940397351,0
0.00134281399502843,0.45,0.109237536656891,0,0.106995884773663,0.573864725043112,0.269824922760041,0.312551719120843,0.173913043478261,0.402671755725191,0.276595744680851,0.964546875787987,0.0780905077262693,0
0.000869732543193269,0.45,0.109237536656891,0,0.106995884773663,0.694385897681548,0.370751802265705,0.312551719120843,0.173913043478261,0.402671755725191,0.276595744680851,1,0.100993377483444,0
0.000948186060271184,0.45,0.109237536656891,0,0.106995884773663,0.649549722168998,0.191555097837281,0.486518928061545,0.173913043478261,0.402671755725191,0.276595744680851,0.951535629633365,0.0929911699779249,0
0.00070574446093442,0.45,0.109237536656891,0,0.106995884773663,0.608928913584978,0.287332646755922,0.486518928061545,0.173913043478261,0.402671755725191,0.276595744680851,0.981869988400827,0.0816777041942605,0
0.0009027774343407,0.45,0.109237536656891,0,0.106995884773663,0.693044644567925,0.240988671472709,0.486518928061545,0.173913043478261,0.402671755725191,0.276595744680851,0.983836804680014,0.0314569536423841,0
0.000174778250796787,0.6,0.0905425219941349,0,0.0329218106995885,0.620616976432267,0.0720906282183316,0.462857714446799,0,0.148854961832061,0.319148936170213,0.991098895557012,0.0910596026490066,0
9.070485427203e-05,0.6,0.0905425219941349,0,0.0329218106995885,0.583061889250814,0.163748712667353,0.462857714446799,0,0.148854961832061,0.319148936170213,0.94906450148772,0.0731236203090508,0
8.41857941136933e-05,0.8,0,0,0.0761316872427983,0.826595133167274,0.299691040164779,0.410915803544635,0.130434782608696,0.129770992366412,0.191489361702128,0.993267436582783,0.0342163355408389,0
0.000379791453017583,0.8,0.0388563049853373,0,0.0390946502057613,0.713929871622916,0.321318228630278,0.561921996198929,0.0434782608695652,0.270992366412214,0,1,0.0648454746136865,0
0.000453411873771213,0.8,0.0388563049853373,0,0.0390946502057613,0.679440505844031,0.347064881565397,0.561921996198929,0.0434782608695652,0.270992366412214,0,0.892606788037723,0.189845474613687,0
0.000352478838905931,0.8,0.0388563049853373,0,0.0390946502057613,0.71143897298333,0.364572605561277,0.561921996198929,0.0434782608695652,0.270992366412214,0,0.988148671138232,0.134933774834437,0
0.000283017128942964,0.95,0.0370234604105572,0,0.0370370370370371,0.654148304272849,0.127703398558187,0.59323991306641,0.0869565217391304,0.41030534351145,0.468085106382979,1,0.0780905077262693,0
0.000128807636921619,0.95,0.0370234604105572,0,0.0370370370370371,0.684805518298525,0.113285272914521,0.59323991306641,0.0869565217391304,0.41030534351145,0.468085106382979,0.968228352413132,0.0750551876379691,0
0.000316174417679332,0.825,0.0575513196480938,0,0.0617283950617283,0.498371335504886,0.365602471678682,0.467440824232284,0.0434782608695652,0.307251908396947,0.223404255319149,0.992107519289929,0.157284768211921,0
0.000173654274907418,0.825,0.0575513196480938,0,0.0617283950617283,0.775819122437248,0.131822863027806,0.467440824232284,0.0434782608695652,0.307251908396947,0.223404255319149,0.996167229814918,0.0380794701986755,0
0.000323480260960226,0.95,0.0813782991202346,0,0.0639917695473251,0.822379766238743,0.312049433573635,0.362684029135484,0.130434782608696,0.0706106870229007,0.223404255319149,0.989611175550961,0.0573951434878587,0
0.000154771479966029,0.95,0.0813782991202346,0,0.0639917695473251,0.857060739605289,0.298661174047374,0.362684029135484,0.130434782608696,0.0706106870229007,0.223404255319149,0.983988098239952,0.0317328918322296,0
0.00146229263206829,0,0.37133431085044,0,0.213991769547325,0.446445679248898,0.199794026776519,0.256053978848585,0.130434782608696,0.17175572519084,0.638297872340426,1,0.252207505518764,0
0.0025106249440822,0,0.37133431085044,0,0.213991769547325,0.529794979881203,0.51081359423275,0.29329174585565,0.130434782608696,0.17175572519084,0.638297872340426,0.994881234555449,0.254966887417219,0
0.00276127156741135,0,0.37133431085044,0,0.213991769547325,0.425752059781567,0.718846549948507,0.29329174585565,0.130434782608696,0.17175572519084,0.638297872340426,0.981163951787786,0.45060706401766,1
0.00145611076467676,0,0.37133431085044,1,0.213991769547325,0.47959379191416,0.578784757981462,0.282770598986987,0.130434782608696,0.17175572519084,0.638297872340426,0.960714105602905,0.356788079470199,0
0.00482624007135898,0,0.37133431085044,1,0.213991769547325,0.34163632879862,1,0.24965217470378,0.130434782608696,0.17175572519084,0.638297872340426,1,0.589403973509934,1
0.00188985306038403,0,0.37133431085044,1,0.213991769547325,0.459666602797471,0.918640576725026,0.249843137611509,0.130434782608696,0.17175572519084,0.638297872340426,0.990796308437138,0.428807947019868,1
0.0041526413208605,0,0.37133431085044,1,0.213991769547325,0.353132784058249,0.88259526261586,0.230555883930926,0.130434782608696,0.17175572519084,0.638297872340426,0.995814211508397,0.613962472406181,1
0.00237012795791115,0,0.37133431085044,1,0.213991769547325,0.430350641885419,0.524201853759011,0.229428293428148,0.130434782608696,0.17175572519084,0.638297872340426,0.984971506379545,0.394591611479029,1
0.0015083756435324,0,0.37133431085044,0,0.213991769547325,0.539183751676566,0.302780638516993,0.256053978848585,0.130434782608696,0.17175572519084,0.638297872340426,0.972035907004892,0.211092715231788,0
0.00318343691145812,0,0.37133431085044,0,0.213991769547325,0.354665644759533,0.0710607621009269,0.223508443288563,0.130434782608696,0.17175572519084,0.638297872340426,0.879040798829997,0.76766004415011,0
0.00215466177991923,0,0.37133431085044,0,0.213991769547325,0.502203487258095,0.406797116374871,0.256053978848585,0.130434782608696,0.17175572519084,0.638297872340426,0.991754500983408,0.213576158940397,0
0.000441497729343908,0,0.492302052785924,1,0.339506172839506,0.445870856485917,0.546858908341916,0.18027807836754,0.173913043478261,0.169847328244275,0.404255319148936,0.989661606737607,0.325055187637969,0
0.000717209015005977,0,0.492302052785924,0,0.339506172839506,0.590342977581912,0.846549948506694,0.208376906219025,0.173913043478261,0.169847328244275,0.404255319148936,0.989611175550961,0.219646799116998,0
0.0011730936357338,0,0.492302052785924,1,0.339506172839506,0.457942134508526,0.936148300720906,0.160017823204721,0.173913043478261,0.169847328244275,0.404255319148936,1,0.446743929359823,1
0.00121310717739532,0,0.492302052785924,1,0.339506172839506,0.538800536501245,0.92173017507724,0.203120879520592,0.173913043478261,0.169847328244275,0.404255319148936,0.99203187250996,0.241997792494481,0
0.00395380998603123,0,0.210410557184751,1,0.251028806584362,0.649549722168998,0.881565396498455,0.15750802498886,0.304347826086957,0.229007633587786,0.51063829787234,0.986887891472086,0.220198675496689,0
0.00451152682233583,0,0.210410557184751,1,0.251028806584362,0.498754550680207,0.910401647785788,0.174449162945921,0.304347826086957,0.229007633587786,0.51063829787234,0.995814211508397,0.544426048565121,1
0.00693762877953752,0,0.210410557184751,1,0.251028806584362,0.635753975857444,0.770339855818744,0.194827633242096,0.304347826086957,0.229007633587786,0.51063829787234,0.983584648746785,0.226269315673289,0
0.00683804451573948,0,0.210410557184751,0,0.251028806584362,0.585744395478061,0.80226570545829,0.194827633242096,0.304347826086957,0.229007633587786,0.51063829787234,1,0.161975717439294,0
0.0034731978957373,0,0.210410557184751,0,0.244855967078189,0.901513699942518,0.776519052523172,0.160481590266348,0.304347826086957,0.229007633587786,0.51063829787234,0.970119521912351,0.0665011037527594,0
0.00585153087764084,0,0.210410557184751,0,0.244855967078189,0.989461582678674,0.824922760041195,0.160481590266348,0.304347826086957,0.229007633587786,0.51063829787234,0.962428765948863,0.0800220750551876,0
0.00422412618742433,0,0.210410557184751,0,0.244855967078189,0.858210385131251,0.86096807415036,0.189698915148815,0.304347826086957,0.229007633587786,0.51063829787234,0.975994755156589,0.0386313465783664,0
0.00456401649636933,0,0.210410557184751,0,0.244855967078189,0.690170530753018,0.792996910401648,0.189698915148815,0.304347826086957,0.229007633587786,0.51063829787234,0.937414897372535,0.127759381898455,0
0.00328054842829955,0,0.210410557184751,0,0.244855967078189,0.790381299099444,0.145211122554068,0.204193909192591,0.304347826086957,0.229007633587786,0.51063829787234,0.951106964546876,0.0604304635761589,0
0.00489446540784364,0,0.210410557184751,0,0.244855967078189,0.57309829469247,0.190525231719876,0.204193909192591,0.304347826086957,0.229007633587786,0.51063829787234,0.95824297745726,0.0560154525386313,0
0.00596471524970024,0,0.210410557184751,0,0.244855967078189,0.463690362138341,0.671472708547889,0.231146959597705,0.304347826086957,0.229007633587786,0.51063829787234,0.953225074386,0.273730684326711,0
0.00513252350121187,0,0.210410557184751,0,0.244855967078189,0.737880820080475,0.762100926879506,0.231146959597705,0.304347826086957,0.229007633587786,0.51063829787234,0.947652428261637,0.0971302428256071,0
0.0063950856177394,0,0.210410557184751,0,0.251028806584362,0.915117838666411,0.725025746652935,0.246323964026226,0.304347826086957,0.229007633587786,0.51063829787234,0.972288062938121,0.0204194260485651,0
0.00365460760428136,0,0.210410557184751,0,0.251028806584362,0.897873155776969,0.695159629248198,0.229364639125572,0.304347826086957,0.229007633587786,0.51063829787234,0.954738009985375,0.0612582781456954,0
0.00496336512986193,0,0.210410557184751,1,0.251028806584362,0.606438014945392,0.654994850669413,0.229364639125572,0.304347826086957,0.229007633587786,0.51063829787234,0.907458772504917,0.17439293598234,0
0.0036431430502098,0,0.210410557184751,0,0.251028806584362,0.48380915884269,0.603501544799176,0.229364639125572,0.304347826086957,0.229007633587786,0.51063829787234,0.949190579454335,0.252483443708609,0
0.00578015840866594,0,0.210410557184751,1,0.251028806584362,0.588235294117647,0.757981462409887,0.274477352708491,0.304347826086957,0.229007633587786,0.51063829787234,0.97869282364214,0.215507726269316,0
0.00568181051834621,0,0.210410557184751,0,0.251028806584362,0.72753401034681,0.707518022657055,0.274477352708491,0.304347826086957,0.229007633587786,0.51063829787234,0.982777749760452,0.0827814569536424,0
0.000855570446987228,0.3,0.163856304985337,0,0.088477366255144,0.559494155968576,0.160659114315139,0.460156953323209,0.217391304347826,0.215648854961832,0.425531914893617,0.955897927278229,0.127759381898455,0
0.000968867216635563,0.3,0.163856304985337,0,0.088477366255144,0.583445104426135,0.404737384140062,0.460156953323209,0.217391304347826,0.215648854961832,0.425531914893617,0.966917141560341,0.155629139072848,0
0.00120231700885738,0.3,0.163856304985337,0,0.088477366255144,0.639202912435333,0.529351184346035,0.473451609089834,0.217391304347826,0.215648854961832,0.425531914893617,0.985753189772555,0.266280353200883,1
0.00112172793758967,0.3,0.163856304985337,0,0.088477366255144,0.485533627131634,0.640576725025747,0.473451609089834,0.217391304347826,0.215648854961832,0.425531914893617,0.994250844722376,0.294426048565121,1
0.001085535913952,0.3,0.163856304985337,0,0.088477366255144,0.535926422686338,0.514933058702369,0.537051350835235,0.217391304347826,0.215648854961832,0.425531914893617,0.93910434212517,0.261865342163355,1
0.00136282076585919,0.3,0.163856304985337,0,0.088477366255144,0.542632688254455,0.0504634397528321,0.537051350835235,0.217391304347826,0.215648854961832,0.425531914893617,0.944046598416461,0.0954746136865342,0
0.00224525423660232,0.22,0.197947214076246,0,0.0946502057613169,0.389346618126078,0.757981462409887,0.62065673053315,0.260869565217391,0.272900763358779,0.691489361702128,0.938448736698775,0.297185430463576,1
0.00207946779292048,0.22,0.197947214076246,0,0.0946502057613169,0.391645909178003,0.693099897013388,0.62065673053315,0.260869565217391,0.272900763358779,0.691489361702128,0.980407483988098,0.461644591611479,1
0.00374857198863256,0.22,0.197947214076246,0,0.0946502057613169,0.48802452577122,0.329557157569516,0.629804763160527,0.260869565217391,0.272900763358779,0.691489361702128,0.983055121287004,0.205022075055188,0
0.00213836412952338,0.22,0.197947214076246,0,0.0946502057613169,0.510634221115156,0.785787847579815,0.629804763160527,0.260869565217391,0.272900763358779,0.691489361702128,0.947652428261637,0.23233995584989,1
0.00177666868832463,0.22,0.197947214076246,0,0.0946502057613169,0.550296991760874,0.475798146240989,0.608980712746319,0.260869565217391,0.272900763358779,0.691489361702128,0.944046598416461,0.214955849889625,0
0.00207272393758427,0.22,0.197947214076246,0,0.0946502057613169,0.604905154244108,0.150360453141092,0.608980712746319,0.260869565217391,0.272900763358779,0.691489361702128,0.99203187250996,0.133278145695364,0
0.00150590289657579,0.22,0.197947214076246,0,0.0946502057613169,0.560643801494539,0.104016477857878,0.569896970964545,0.260869565217391,0.272900763358779,0.691489361702128,0.998436633213979,0.115066225165563,0
0.00233528470534073,0.22,0.197947214076246,0,0.0946502057613169,0.551255029699176,0.0617919670442843,0.569896970964545,0.260869565217391,0.272900763358779,0.691489361702128,0.949997478440668,0.0513245033112583,0
0.00085298530244168,0.22,0.197947214076246,0,0.0946502057613169,0.650699367694961,0.0401647785787848,0.707208395093163,0.260869565217391,0.272900763358779,0.691489361702128,0.972741943617933,0.0496688741721854,0
0.0040757613700277,0.22,0.197947214076246,0,0.0946502057613169,0.900172446828894,0.0566426364572606,0.707208395093163,0.260869565217391,0.272900763358779,0.691489361702128,1,0.0499448123620309,0
0.00047060870487855,0.8,0.116568914956012,0,0.0144032921810699,0.48802452577122,0.299691040164779,0.735725522647292,0,0.244274809160305,0.404255319148936,0.989888547077513,0.13355408388521,1
0.000327751369339826,0.8,0.116568914956012,0,0.0144032921810699,0.443571565433991,0.166838311019567,0.735725522647292,0,0.244274809160305,0.404255319148936,0.995662917948459,0.207505518763797,1
0.000101832215576777,0.9,0.120601173020528,0,0.0185185185185185,0.745928338762215,0.322348094747683,0.473451609089834,0.0869565217391304,0.108778625954198,0.351063829787234,0.973372333451006,0.0380794701986755,0
0.00680252687763544,0.2,0.12866568914956,0,0.539094650205761,0.985437823337804,0.865087538619979,0.0610535696423538,0.173913043478261,0.146946564885496,0.0425531914893618,0.981844772807504,0.0935430463576159,0
0.0073866571473402,0.2,0.12866568914956,0,0.539094650205761,0.722743820655298,1,0.0695650592439688,0.173913043478261,0.146946564885496,0.0425531914893618,0.965681577487518,0.167218543046358,0
0.00730955240132953,0.2,0.12866568914956,0,0.539094650205761,0.628664495114006,1,0.0801225799998181,0.173913043478261,0.146946564885496,0.0425531914893618,0.987467850118513,0.14266004415011,0
0.00599967089985959,0.2,0.12866568914956,0,0.539094650205761,0.697834834259437,0.812564366632338,0.0893433604015677,0.173913043478261,0.146946564885496,0.0425531914893618,0.989661606737607,0.216887417218543,0
0.00593234474408643,0.2,0.12866568914956,0,0.539094650205761,0.758574439547806,0.890834191555098,0.0918622520892252,0.173913043478261,0.146946564885496,0.0425531914893618,0.978491098895557,0.152593818984547,0
0.00577521291475272,0.2,0.12866568914956,0,0.539094650205761,0.9268059015137,0.912461380020597,0.105384244650765,0.173913043478261,0.146946564885496,0.0425531914893618,0.974683544303798,0.115342163355408,0
0.00920468814839359,0.2,0.12866568914956,0,0.539094650205761,0.721594175129335,0.943357363542739,0.0863152342933009,0.173913043478261,0.146946564885496,0.0425531914893618,0.991224973523627,0.262693156732892,0
0.00611161889844069,0.2,0.12866568914956,0,0.539094650205761,0.698409657022418,0.913491246138002,0.0727932417317608,0.173913043478261,0.146946564885496,0.0425531914893618,0.977280750416057,0.175772626931567,0
0.00848938989239954,0.2,0.12866568914956,0,0.539094650205761,0.383023567733282,0.616889804325438,0.0779219598250416,0.173913043478261,0.146946564885496,0.0425531914893618,0.98865298300469,0.240618101545254,0
0.00876004328655945,0.2,0.12866568914956,0,0.539094650205761,0.661621000191608,0.84140061791967,0.0912348025352599,0.173913043478261,0.146946564885496,0.0425531914893618,0.967648393766705,0.36037527593819,0
0.00642936688236513,0.2,0.12866568914956,0,0.390946502057613,0.907453535159992,0.660144181256437,0.117487655612036,0.173913043478261,0.146946564885496,0.0425531914893618,0.968833526652882,0.157560706401766,0
0.00600405440582813,0.2,0.12866568914956,0,0.390946502057613,0.748994060164783,0.511843460350154,0.15844465258391,0.173913043478261,0.146946564885496,0.0425531914893618,0.983357708406879,0.0394591611479029,0
0.000947848867504373,0.2,0.238269794721408,1,0.162551440329218,0.452002299291052,0.603501544799176,0.253516900217334,0.0869565217391304,0.0687022900763358,0.638297872340426,0.985980130112461,0.328918322295806,1
0.00329145099442643,0.2,0.238269794721408,0,0.162551440329218,0.439739413680782,0.403707518022657,0.300030008456929,0.0869565217391304,0.0687022900763358,0.638297872340426,0.979197135508598,0.31098233995585,1
0.00175104203804703,0.2,0.238269794721408,0,0.162551440329218,0.513316727342403,0.138002059732235,0.300030008456929,0.0869565217391304,0.0687022900763358,0.638297872340426,1,0.134105960264901,0
0.00121704109300811,0.2,0.238269794721408,0,0.162551440329218,0.570415788465223,0.574665293511843,0.253516900217334,0.0869565217391304,0.0687022900763358,0.638297872340426,0.995108174895355,0.165562913907285,0
0.00242284242712253,0.2,0.238269794721408,1,0.162551440329218,0.791339337037747,0.503604531410917,0.294346588584056,0.0869565217391304,0.0687022900763358,0.638297872340426,0.984542841293056,0.133830022075055,0
0.000563336715751443,0.4,0.218108504398827,1,0.127572016460905,0.612569457750527,0.308959835221421,0.268075548563686,0.130434782608696,0.127862595419847,0.531914893617021,1,0.0496688741721854,0
0.00100843116794133,0.4,0.218108504398827,0,0.127572016460905,0.630963786165932,0.41091658084449,0.285325864561831,0.130434782608696,0.127862595419847,0.531914893617021,1,0.0344922737306843,0
0.0011056550823717,0.4,0.218108504398827,1,0.127572016460905,0.710097719869707,0.474768280123584,0.33260282443234,0.130434782608696,0.127862595419847,0.531914893617021,0.980710071107973,0.119205298013245,0
0.000617624751207937,0.4,0.218108504398827,1,0.127572016460905,0.625598773711439,0.25437693099897,0.339477489110568,0.130434782608696,0.127862595419847,0.531914893617021,0.991300620303596,0.0670529801324503,0
0.000825672688330028,0.4,0.218108504398827,0,0.127572016460905,0.559685763556237,0.300720906282183,0.273777155380153,0.130434782608696,0.127862595419847,0.531914893617021,1,0.150662251655629,0
0.00229358519984516,0.2,0.105205278592375,0,0.119135802469136,0.622916267484192,0.301750772399588,0.2701761405487,0.173913043478261,0.0553435114503816,0.24468085106383,1,0.0860927152317881,0
0.000331123297007931,0.2,0.105205278592375,0,0.119135802469136,0.816056715845948,0.634397528321318,0.324191363020488,0.173913043478261,0.0553435114503816,0.24468085106383,0.975818246003328,0.0560154525386313,0
0.00034539779080291,0.2,0.105205278592375,0,0.119135802469136,0.652807051159226,0.353244078269825,0.374205457901772,0.173913043478261,0.0553435114503816,0.24468085106383,0.988224317918201,0.0789183222958057,0
0.000617849546385811,0.2,0.105205278592375,1,0.119135802469136,0.782525388005365,0.481977342945417,0.371222799152488,0.173913043478261,0.0553435114503816,0.24468085106383,0.949997478440668,0.0353200883002208,0
9.76735047861142e-05,0.9,0.0274926686217009,1,0.0329218106995885,0.835792297374976,0.225540679711637,0.432430957815384,0,0.0209923664122137,0.106382978723404,0.996520248121438,0.0394591611479029,0
3.07969393686942e-05,0.9,0.092008797653959,0,0.0308641975308642,0.675799961678483,0.184346035015448,0.561767407178387,0,0.187022900763359,0.287234042553192,0.994503000655605,0.16887417218543,0
5.21524812666939e-05,0.55,0.0656158357771261,0,0.00823045267489708,0.554129143514083,0.298661174047374,0.561767407178387,0,0.215648854961832,0.287234042553192,0.994503000655605,0.179359823399558,1
0.000149825986052808,0.8,0.0476539589442815,0,0,0.511400651465798,0.294541709577755,0.723803981121953,0,0.103053435114504,0.595744680851064,0.860557768924303,0.309050772626932,1
0.000364055790566425,0.525,0.178152492668622,0,0.0411522633744856,0.507376892124928,0.292481977342945,0.56266766088625,0.217391304347826,0.202290076335878,0.425531914893617,1,0.149282560706402,0
0.000444869657012014,0.525,0.178152492668622,0,0.0411522633744856,0.527687296416938,0.439752832131823,0.56266766088625,0.217391304347826,0.202290076335878,0.425531914893617,1,0.161975717439294,1
0.000411937163453519,0.525,0.178152492668622,0,0.0411522633744856,0.575589193332056,0.205973223480947,0.56266766088625,0.217391304347826,0.202290076335878,0.425531914893617,0.93650713601291,0.214679911699779,0
0.000322581080248731,0.8,0.164589442815249,0,0.0534979423868313,0.632305039279555,0.257466529351184,0.362565814002128,0.130434782608696,0.110687022900763,0.702127659574468,1,0.0441501103752759,0
0.000815332110147839,0.8,0.164589442815249,0,0.0534979423868313,0.687296416938111,0.255406797116375,0.362565814002128,0.130434782608696,0.110687022900763,0.702127659574468,1,0.0504966887417219,0
0.000335282007798594,0.8,0.164589442815249,0,0.0534979423868313,0.588043686529987,0.211122554067971,0.362565814002128,0.130434782608696,0.110687022900763,0.702127659574468,1,0.081953642384106,0
0.000857930796354901,0,0.493401759530792,0,0.106995884773663,0.491665069936769,0.159629248197734,0.397666615136993,0.130434782608696,0.194656488549618,0.361702127659574,1,0.18901766004415,0
0.00085051255548507,0,0.493401759530792,0,0.106995884773663,0.469055374592834,0.405767250257467,0.397666615136993,0.130434782608696,0.194656488549618,0.361702127659574,1,0.239238410596027,1
0.00138249034392313,0,0.493401759530792,0,0.106995884773663,0.597240850737689,0.290422245108136,0.439287435550019,0.130434782608696,0.194656488549618,0.361702127659574,1,0.125275938189845,0
0.000532764571560623,0,0.493401759530792,0,0.106995884773663,0.572523471929488,0.495365602471679,0.439287435550019,0.130434782608696,0.194656488549618,0.361702127659574,0.989787684704221,0.156181015452539,0
0.00151410792056817,0,0.493401759530792,0,0.106995884773663,0.427093312895191,0.56745623069001,0.471987560130582,0.130434782608696,0.194656488549618,0.361702127659574,1,0.389348785871965,1
0.000655727533857526,0.7,0.0652492668621701,0,0.0308641975308642,0.533435524046752,0.177136972193615,0.609098927879675,0.173913043478261,0.326335877862595,0.234042553191489,0.927732109536537,0.0894039735099338,1
0.000554007715869685,0.7,0.0652492668621701,0,0.0308641975308642,0.66679440505844,0.0731204943357364,0.609098927879675,0.173913043478261,0.326335877862595,0.234042553191489,0.93615411770639,0.0830573951434879,0
0.00042542487412594,0.7,0.0652492668621701,0,0.0308641975308642,0.63422111515616,0.458290422245108,0.609098927879675,0.173913043478261,0.326335877862595,0.234042553191489,0.984769781632962,0.119757174392936,0
0.000326514995861521,0.34,0.206378299120235,0,0.0987654320987654,0.580379383023568,0.386199794026777,0.396666333239367,0.260869565217391,0.270992366412214,0.372340425531915,0.997100206767865,0.214403973509934,1
0.000970440782880678,0.34,0.206378299120235,0,0.0987654320987654,0.562176662195823,0.159629248197734,0.396666333239367,0.260869565217391,0.270992366412214,0.372340425531915,0.966488476473851,0.191501103752759,0
0.00105294061316032,0.34,0.206378299120235,0,0.0987654320987654,0.655489557386473,0.152420185375901,0.396666333239367,0.260869565217391,0.270992366412214,0.372340425531915,0.983685511120077,0.0863686534216336,0
0.000548837426778591,0.33,0.063049853372434,0,0.179012345679012,0.704157884652232,0.39340885684861,0.263019578244778,0.260869565217391,0.066793893129771,0.617021276595745,0.991880578950023,0.143487858719647,0
0.000544791113576864,0.33,0.063049853372434,0,0.179012345679012,0.58536118030274,0.568486096807415,0.203730142130964,0.260869565217391,0.066793893129771,0.617021276595745,0.99107367996369,0.198675496688742,0
0.000772283833585029,0.33,0.063049853372434,0,0.179012345679012,0.739413680781759,0.710607621009269,0.179105020505779,0.260869565217391,0.066793893129771,0.617021276595745,1,0.130794701986755,0
0.000483309632428413,0.33,0.063049853372434,0,0.179012345679012,0.63000574822763,0.694129763130793,0.186698069455938,0.260869565217391,0.066793893129771,0.617021276595745,1,0.160044150110375,0
0.00546994106320027,0,0.346041055718475,0,0.327160493827161,0.589001724468289,0.819773429454171,0.198956069437751,0.130434782608696,0.223282442748092,0.617021276595745,1,0.0775386313465784,0
0.00385613648124511,0,0.346041055718475,0,0.327160493827161,0.461965893849397,0.760041194644696,0.179405105075067,0.130434782608696,0.223282442748092,0.617021276595745,0.998335770840688,0.227373068432671,1
0.0295511244929183,0,0.346041055718475,0,0.327160493827161,0.270549913776586,0.359423274974253,0.126381071029108,0.130434782608696,0.223282442748092,0.617021276595745,0.882873569015079,0.301048565121413,1
0.0088129825509487,0,0.346041055718475,0,0.327160493827161,0.490707031998467,0.513903192584964,0.137375078431194,0.130434782608696,0.223282442748092,0.617021276595745,1,0.117273730684327,1
0.00287029722868009,0,0.346041055718475,0,0.327160493827161,0.47173788082008,0.901132852729145,0.154989133301203,0.130434782608696,0.223282442748092,0.617021276595745,0.998487064400625,0.275662251655629,1
0.00295673097457252,0,0.346041055718475,0,0.327160493827161,0.518298524621575,0.822863027806385,0.193981940365012,0.130434782608696,0.223282442748092,0.617021276595745,0.991149326743658,0.170253863134658,1
0.00407868370734006,0,0.346041055718475,0,0.327160493827161,0.575972408507377,0.869207003089598,0.22485427711446,0.130434782608696,0.223282442748092,0.617021276595745,0.996948913207928,0.208333333333333,0
0.00277891798887444,0,0.346041055718475,0,0.327160493827161,0.410806667944051,0.770339855818744,0.256017604961398,0.130434782608696,0.223282442748092,0.617021276595745,0.9987896515205,0.269591611479029,1
0.00350624278688473,0,0.346041055718475,0,0.327160493827161,0.450852653765089,0.826982492276004,0.260891705844374,0.130434782608696,0.223282442748092,0.617021276595745,0.984366332139795,0.458057395143488,1
0.00268517839970111,0,0.346041055718475,0,0.327160493827161,0.425560452193907,0.708547888774459,0.263901645009048,0.130434782608696,0.223282442748092,0.617021276595745,1,0.392108167770419,1
0.00444757259423077,0,0.346041055718475,0,0.327160493827161,0.54052500479019,0.662203913491246,0.218507033800435,0.130434782608696,0.223282442748092,0.617021276595745,0.995738564728428,0.238134657836645,0
0.00527313288497186,0,0.346041055718475,0,0.327160493827161,0.488982563709523,0.575695159629248,0.261191790413662,0.130434782608696,0.223282442748092,0.617021276595745,0.998310555247365,0.303532008830022,1
0.00181274831437336,0,0.25366568914956,0,0.222222222222222,0.54895573864725,0.50875386199794,0.310160136038338,0.173913043478261,0.190839694656488,0.74468085106383,1,0.150938189845475,0
0.001969992541296,0,0.25366568914956,0,0.222222222222222,0.539375359264227,0.529351184346035,0.310160136038338,0.173913043478261,0.190839694656488,0.74468085106383,1,0.141832229580574,0
0.00387569366172012,0,0.25366568914956,0,0.222222222222222,0.475186817397969,0.484037075180227,0.326592039574789,0.173913043478261,0.190839694656488,0.74468085106383,1,0.164735099337748,1
0.00312015706888668,0,0.25366568914956,0,0.222222222222222,0.411381490707032,0.735324407826982,0.326592039574789,0.173913043478261,0.190839694656488,0.74468085106383,0.98545060265268,0.27621412803532,1
0.0037627340848386,0,0.25366568914956,0,0.222222222222222,0.546848055182985,0.383110195674562,0.326592039574789,0.173913043478261,0.190839694656488,0.74468085106383,1,0.121136865342163,0
0.00208542486513413,0,0.25366568914956,0,0.222222222222222,0.549913776585553,0.121524201853759,0.389773481617547,0.173913043478261,0.190839694656488,0.74468085106383,0.991880578950023,0.092439293598234,0
0.00333989435525821,0,0.25366568914956,0,0.222222222222222,0.527112473653957,0.267765190525232,0.389773481617547,0.173913043478261,0.190839694656488,0.74468085106383,1,0.1219646799117,0
0.00263808380993658,0,0.25366568914956,0,0.222222222222222,0.483234336079709,0.420185375901133,0.389773481617547,0.173913043478261,0.190839694656488,0.74468085106383,1,0.305187637969095,1
0.000672699569786989,0,0.101906158357771,0,0.154320987654321,0.442038704732708,0.235839340885685,0.371468322890997,0.130434782608696,0.463740458015267,0.457446808510638,0.963538252055071,0.227373068432671,1
0.00068472611180323,0,0.101906158357771,0,0.154320987654321,0.531136232994827,0.147270854788877,0.371468322890997,0.130434782608696,0.463740458015267,0.457446808510638,0.945307378082606,0.154801324503311,0
0.000439699367920919,0,0.101906158357771,0,0.154320987654321,0.494922398926998,0.301750772399588,0.431394302030572,0.130434782608696,0.463740458015267,0.457446808510638,0.928564224116193,0.203090507726269,1
0.000493537813021665,0.35,0.205278592375367,0,0.108847736625514,0.410998275531711,0.262615859938208,0.50115032418227,0,0.223282442748092,0.457446808510638,0.992737909123002,0.295253863134658,1
0.000318534767047005,0.35,0.205278592375367,0,0.108847736625514,0.473270741521364,0.210092687950566,0.50115032418227,0,0.223282442748092,0.457446808510638,0.912627969136114,0.16832229580574,1
0.000500281668357876,0,0.173387096774194,0,0.267489711934156,0.527878904004598,0.362512873326468,0.484572925097073,0.173913043478261,0.0706106870229007,0.808510638297872,0.981869988400827,0.108995584988962,1
0.000349106911237826,0,0.173387096774194,0,0.267489711934156,0.526729258478636,0.366632337796087,0.484572925097073,0.173913043478261,0.0706106870229007,0.808510638297872,0.981088305007817,0.138520971302428,1
0.000374171573570741,0,0.173387096774194,0,0.267489711934156,0.474420387047327,0.325437693099897,0.441551710027371,0.173913043478261,0.0706106870229007,0.808510638297872,1,0.173289183222958,1
0.000314151261078468,0,0.173387096774194,0,0.267489711934156,0.442230312320368,0.446961894953656,0.372968745737435,0.173913043478261,0.0706106870229007,0.808510638297872,1,0.222682119205298,1
0.000270765791748848,0,0.173387096774194,0,0.267489711934156,0.44721210959954,0.583934088568486,0.407878583964572,0.173913043478261,0.0706106870229007,0.808510638297872,0.994729940995512,0.243653421633554,1
0.000300551152817111,0,0.173387096774194,0,0.267489711934156,0.478635753975858,0.35427394438723,0.334876192381489,0.173913043478261,0.0706106870229007,0.808510638297872,0.998083614907459,0.187086092715232,1
0.000546814270177728,0,0.173387096774194,0,0.267489711934156,0.464456792488983,0.437693099897013,0.334876192381489,0.173913043478261,0.0706106870229007,0.808510638297872,1,0.221026490066225,1
0.000620322293342421,0,0.173387096774194,0,0.267489711934156,0.461199463498755,0.572605561277034,0.334876192381489,0.173913043478261,0.0706106870229007,0.808510638297872,1,0.208609271523179,1
7.51939869987461e-05,0.35,0.0388563049853373,0,0.117283950617284,0.705115922590534,0.477857878475798,0.537269594158354,0,0.185114503816794,0.308510638297872,0.994553431842251,0.103752759381898,0
0.000209733900956144,0,0.0524193548387097,0,0.273662551440329,0.570799003640544,0.584963954685891,0.467158926606589,0,0.448473282442748,0.351063829787234,0.9825003782339,0.190949227373068,1
0.000214791792458302,0.55,0.121700879765396,0,0.203703703703704,0.600689787315578,0.550978372811535,0.418527039438387,0.173913043478261,0.349236641221374,0.531914893617021,1,0.150386313465784,0
0.000271664972460343,0.55,0.121700879765396,0,0.203703703703704,0.634795937919142,0.259526261585994,0.485209468122835,0.173913043478261,0.349236641221374,0.531914893617021,0.977482475162641,0.0794701986754967,0
0.000278858418152301,0,0.144061583577713,0,0.117283950617284,0.470013412531136,0.46961894953656,0.625994598477753,0.0869565217391304,0.314885496183206,0.659574468085106,0.971607241918402,0.242825607064018,1
0.000621558666820726,0,0.144061583577713,0,0.117283950617284,0.447786932362522,0.50875386199794,0.625994598477753,0.0869565217391304,0.314885496183206,0.659574468085106,0.918578849160321,0.301876379690949,1
0.000139148215103808,0.85,0.135263929618768,0,0.0905349794238682,0.566200421536693,0.255406797116375,0.673435240840601,0.130434782608696,0.312977099236641,0.563829787234042,0.988728629784659,0.127759381898455,0
9.76735047861142e-05,0.8,0.0568181818181818,0,0.102880658436214,0.589001724468289,0.27600411946447,0.65603942929371,0.130434782608696,0.177480916030534,0.468085106382979,0.984971506379545,0.117549668874172,0
0.000254805334119817,0.4,0.0289589442815249,0,0.0905349794238682,0.647250431117072,0.325437693099897,0.696787276414262,0,0.282442748091603,0.75531914893617,0.982223006707348,0.114790286975717,0
0.000627066148678631,0.4,0.0289589442815249,0,0.0905349794238682,0.561218624257521,0.427394438722966,0.696787276414262,0,0.282442748091603,0.75531914893617,1,0.117273730684327,0
0.000822525555839797,0.6,0.0450879765395894,0,0.0534979423868313,0.578271699559303,0.339855818743563,0.87121825241659,0.130434782608696,0.427480916030534,0.606382978723404,0.934136870240557,0.103752759381898,0
0.000743172858050387,0.6,0.0450879765395894,0,0.0534979423868313,0.445104426135275,0.160659114315139,0.87121825241659,0.130434782608696,0.427480916030534,0.606382978723404,0.98847647385143,0.167218543046358,1
0.000121052203284977,0.9,0.0571847507331378,0,0.0514403292181069,0.606821230120713,0.341915550978373,1,0.173913043478261,0,0.468085106382979,0.968631801906299,0.0764348785871965,0
0.000412386753809267,0.8,0.0531524926686217,0,0.0576131687242798,0.402759149262311,0.1956745623069,0.85988778655803,0.130434782608696,0.280534351145038,1,0.964446013414696,0.17439293598234,1
0.0011270106242697,0.8,0.0531524926686217,0,0.0576131687242798,0.455068020693619,0.170957775489186,0.85988778655803,0.130434782608696,0.280534351145038,1,0.947400272328408,0.105960264900662,1
0.1008952692754,0,0.646627565982405,1,0.792181069958848,0.507951714887909,0.973223480947477,0.090261801053024,1,0.91412213740458,0.808510638297872,0.95166170759998,0.437913907284768,1
0.0431986645368073,0,0.646627565982405,1,0.792181069958848,0.543015903429776,0.907312049433574,0.125089798033991,1,0.91412213740458,0.808510638297872,0.985980130112461,0.318432671081678,1
0.0583956053441906,0,0.646627565982405,1,0.792181069958848,0.491665069936769,0.829042224510814,0.14486809919159,1,0.91412213740458,0.808510638297872,0.996293307781532,0.269039735099338,0
0.0478250616950366,0,0.646627565982405,0,0.792181069958848,0.488790956121863,0.807415036045314,0.125444443434059,1,0.91412213740458,0.808510638297872,0.984467194513087,0.301876379690949,0
0.0509790504381932,0,0.646627565982405,0,0.792181069958848,0.543590726192757,0.876416065911432,0.126271949367549,1,0.91412213740458,0.808510638297872,0.943668364516617,0.167218543046358,0
0.0430541212374345,0,0.646627565982405,0,0.792181069958848,0.515424410806668,0.908341915550978,0.106020787676527,1,0.91412213740458,0.808510638297872,0.883377880881537,0.343818984547461,1
0.0412712706817184,0,0.646627565982405,0,0.792181069958848,0.345085265376509,0.96086508753862,0.088570415298857,1,0.91412213740458,0.808510638297872,0.959377679156791,0.233443708609271,1
0.0473876102788944,0,0.646627565982405,1,0.792181069958848,0.429584211534777,0.886714727085479,0.0704834998954251,1,0.91412213740458,0.808510638297872,0.889404407685713,0.356236203090508,1
0.0389790342529404,0,0.646627565982405,1,0.685185185185185,1,0.82389289392379,0.0704834998954251,1,0.91412213740458,0.808510638297872,0.893211962277472,0.098233995584989,1
0.0511358450747601,0,0.646627565982405,0,0.685185185185185,0,0.875386199794027,0.0439760296083442,1,0.91412213740458,0.808510638297872,0.893590196177316,0.148730684326711,0
0.0414817913657971,0,0.646627565982405,0,0.685185185185185,0.268633837899981,0.911431513903193,0.0566250488774109,1,0.91412213740458,0.808510638297872,0.79608149679762,0.338576158940397,1
0.151915232435966,0,0.646627565982405,0,0.506172839506173,0.0578654914734623,1,0.0346461275450354,1,0.91412213740458,0.808510638297872,0.330576428463362,0.320088300220751,0
0.0549837765320129,0,0.646627565982405,0,0.506172839506173,0.269975091013604,1,0.0184506542752958,1,0.91412213740458,0.808510638297872,0.946089061475616,0.0422185430463576,0
0.0636581728558024,0,0.646627565982405,1,0.506172839506173,0.598198888675992,0.967044284243048,0.0206512744500723,1,0.91412213740458,0.808510638297872,0.945609965202481,0.0551876379690949,0
0.0734230505874572,0,0.646627565982405,1,0.506172839506173,0.662004215366928,0.974253347064882,0.00662004746792277,1,0.91412213740458,0.808510638297872,0.987770437238388,0.0339403973509934,0
0.103697790757951,0,0.646627565982405,0,0.506172839506173,0.508718145238552,1,0.00359192135965591,1,0.91412213740458,0.808510638297872,0.922462050532049,0.21523178807947,0
0.0928508614376011,0,0.646627565982405,1,0.582304526748971,0.443379957846331,0.892893923789907,0,1,0.91412213740458,0.808510638297872,0.876393161531091,0.197295805739514,0
0.124781330490723,0,0.646627565982405,0,0.582304526748971,0.257712205403334,1,0.00405568842128236,1,0.91412213740458,0.808510638297872,1,0.911699779249448,1
0.207844272690938,0,0.646627565982405,0,0.582304526748971,0.110557578080092,1,0.000672916912948199,1,0.91412213740458,0.808510638297872,1,1,1
0.220330520845931,0,0.646627565982405,0,0.588477366255144,0.718911668902089,0.978372811534501,0.016977511844247,1,0.91412213740458,0.808510638297872,1,0.323123620309051,1
0.171762398690433,0,0.646627565982405,0,0.588477366255144,0.591684230695536,0.930998970133883,0.0195782447780738,1,0.91412213740458,0.808510638297872,0.914569569821978,0.593543046357616,1
0.110342623818308,0,0.646627565982405,0,0.588477366255144,0.619467330906304,0.987641606591143,0.0207694895834281,1,0.91412213740458,0.808510638297872,1,0.538355408388521,1
0.26572903099341,0,0.646627565982405,0,0.588477366255144,0.540141789614869,0.96086508753862,0.0233247551582719,1,0.91412213740458,0.808510638297872,1,0.605960264900662,1
0.200746364949576,0,0.646627565982405,0,0.588477366255144,0.510059398352175,1,0.0233247551582719,1,0.91412213740458,0.808510638297872,0.99203187250996,0.553256070640177,1
1,0,0.646627565982405,0,0.588477366255144,0.652807051159226,0.916580844490216,0.0260891705844375,1,0.91412213740458,0.808510638297872,1,0.427152317880795,1
0.17835339330569,0,0.646627565982405,0,0.588477366255144,0.571757041578847,0.990731204943357,0.0354281661195428,1,0.91412213740458,0.808510638297872,1,0.533940397350993,1
0.103188854475245,0,0.646627565982405,0,0.648148148148148,0.378424985629431,1,0.0409933708590603,1,0.91412213740458,0.808510638297872,1,0.603476821192053,1
0.0897625128863836,0,0.646627565982405,0,0.648148148148148,0.375359264226863,1,0.0366921586992698,1,0.91412213740458,0.808510638297872,1,0.629966887417218,1
0.225678398127546,0,0.646627565982405,0,0.648148148148148,0.154627323242,0.909371781668383,0.0281806690976548,1,0.91412213740458,0.808510638297872,0.719930404962429,0.797461368653422,1
0.188889543292629,0,0.646627565982405,0,0.648148148148148,0.328798620425369,0.98043254376931,0.0269621438769108,1,0.91412213740458,0.808510638297872,1,0.80242825607064,1
0.274109395224541,0,0.646627565982405,0,0.648148148148148,0.209043878137574,1,0.0306995607853122,1,0.91412213740458,0.808510638297872,1,0.732615894039735,1
0.253914920420259,0,0.646627565982405,0,0.648148148148148,0.275723318643418,0.891864057672503,0.03535541834517,1,0.91412213740458,0.808510638297872,1,0.834988962472406,1
0.161036296778191,0,0.646627565982405,0,0.648148148148148,0.252730408124162,1,0.0418208767925506,1,0.91412213740458,0.808510638297872,0.93953300721166,0.797185430463576,1
0.0915525568877917,0,0.646627565982405,0,0.648148148148148,0.350450277831002,0.988671472708548,0.0544244287026344,1,0.91412213740458,0.808510638297872,1,0.527593818984547,1
0.0781818521054541,0,0.646627565982405,0,0.648148148148148,0.412339528645334,0.969104016477858,0.0724658767470833,1,0.91412213740458,0.808510638297872,0.993771748449241,0.42439293598234,1
0.0594215705360061,0,0.646627565982405,0,0.648148148148148,0.477102893274574,0.819773429454171,0.0944084241922724,1,0.91412213740458,0.808510638297872,0.953300721165969,0.469922737306843,0
0.130061769218976,0,0.646627565982405,0,0.648148148148148,0.282621191799195,0.969104016477858,0.0582345933854086,1,0.91412213740458,0.808510638297872,1,0.660871964679912,1
0.0970939828175558,0,0.646627565982405,0,0.633744855967078,0.504311170722361,0.923789907312049,0.0601624094062872,1,0.91412213740458,0.808510638297872,1,0.370860927152318,1
0.150089895591632,0,0.646627565982405,0,0.633744855967078,0.445679248898256,0.945417095777549,0.0593349034727969,1,0.91412213740458,0.808510638297872,1,0.403421633554084,1
0.0979031330603121,0,0.646627565982405,0,0.633744855967078,0.557578080091972,0.987641606591143,0.0542061853795161,1,0.91412213740458,0.808510638297872,0.987593928085128,0.424668874172185,1
0.0659293909354492,0,0.646627565982405,0,0.633744855967078,0.544931979306381,0.958805355303811,0.04975947767098,1,0.91412213740458,0.808510638297872,1,0.486754966887417,1
0.0861606197513136,0,0.646627565982405,0,0.633744855967078,0.41885418662579,0.988671472708548,0.0458129109112568,1,0.91412213740458,0.808510638297872,0.990418074537294,0.501931567328918,1
0.430993949862583,0,0.646627565982405,0,0.633744855967078,0.362521555853612,1,0.03273649846775,1,0.91412213740458,0.808510638297872,1,0.79635761589404,1
0.111388595780954,0,0.646627565982405,0,0.633744855967078,0.43897298333014,0.771369721936148,0.0337185934217825,1,0.91412213740458,0.808510638297872,0.851883604821221,0.77924944812362,1
0.281441089950891,0,0.646627565982405,0,0.633744855967078,0.464840007664303,1,0.0417572224899744,1,0.91412213740458,0.808510638297872,1,0.690949227373068,1
0.159940420286056,0,0.646627565982405,0,0.633744855967078,0.533052308871431,1,0.0404204821358747,1,0.91412213740458,0.808510638297872,1,0.512969094922737,1
0.107782431537505,0,0.646627565982405,0,0.633744855967078,0.54474037171872,1,0.0463221453318663,1,0.91412213740458,0.808510638297872,0.947576781481668,0.512693156732892,1
0.278694092877275,0,0.646627565982405,0,0.633744855967078,0.342594366736923,0.958805355303811,0.0521237803380953,1,0.91412213740458,0.808510638297872,1,0.497792494481236,1
0.466707159771374,0,0.646627565982405,0,0.633744855967078,0.377466947691128,0.849639546858908,0.0434486082441415,1,0.91412213740458,0.808510638297872,0.829946038630289,0.707781456953642,1
0.763342380589925,0,0.646627565982405,0,0.633744855967078,0.40659130101552,1,0.0268984895743346,1,0.91412213740458,0.808510638297872,0.969917797165767,0.586368653421633,1
0.232774057917129,0,0.646627565982405,0,0.563786008230453,0.110557578080092,1,0.00441033382134966,1,0.91412213740458,0.808510638297872,0.932724797014474,0.596302428256071,1
0.134256447238099,0,0.646627565982405,0,0.563786008230453,0.392220731940985,1,0.0141494421155053,1,0.91412213740458,0.808510638297872,0.836577739674214,0.286975717439294,0
0.0831469031991501,0,0.646627565982405,0,0.436213991769547,0.393945200229929,0.978372811534501,0.0295628768107376,1,0.91412213740458,0.808510638297872,0.792576529325735,0.680739514348786,1
0.16221197555847,0,0.646627565982405,0,0.436213991769547,0.630580570990611,1,0.0305449717647701,1,0.91412213740458,0.808510638297872,0.451459982853397,0.498068432671082,0
0.574683027559439,0,0.646627565982405,0,0.436213991769547,0.420770262502395,1,0.0257708990715565,1,0.91412213740458,0.808510638297872,0.00574915527762368,0.231236203090508,1
0.157855445011278,0,0.646627565982405,0,0.436213991769547,0.593217091396819,1,0.0361829242786604,1,0.91412213740458,0.808510638297872,0.0875737556104695,0.53780353200883,1
0.211360069272882,0,0.646627565982405,0,0.436213991769547,0.204445296033723,1,0.038583600832962,1,0.91412213740458,0.808510638297872,0.0717887941903273,0.900662251655629,1
0.322013247629422,0,0.646627565982405,0,0.436213991769547,0.305422494730791,1,0.041811783320754,1,0.91412213740458,0.808510638297872,0.531166473347118,0.506346578366446,1
0.51410409905015,0,0.646627565982405,0,0.633744855967078,0.183560068978732,1,0.0480680919168129,1,0.91412213740458,0.808510638297872,0.221771143275001,0.972682119205298,1
0.20319550841251,0,0.646627565982405,0,0.604938271604938,0.550488599348534,1,0.064118069637807,1,0.91412213740458,0.808510638297872,0.067905592818599,0.753863134657837,1
0.121702760529743,0,0.646627565982405,0,0.604938271604938,0.617168039854378,0.905252317198764,0.0627358619247242,1,0.91412213740458,0.808510638297872,0.0535831358111856,0.663907284768212,1
0.291495054281292,0,0.646627565982405,0,0.604938271604938,0.333972025292202,0.887744593202884,0.047095090434577,1,0.91412213740458,0.808510638297872,0.32033889757426,0.687362030905077,1
0.826434519187842,0,0.646627565982405,0,0.604938271604938,0.459091780034489,1,0.0611990651910993,1,0.91412213740458,0.808510638297872,0.0406727520298553,0.521247240618101,1
0.132696368703656,0,0.646627565982405,0,0.685185185185185,0.625215558536118,0.757981462409887,0.060417026616592,1,0.91412213740458,0.808510638297872,0.12136265066317,0.579746136865342,1
0.124548667481624,0,0.646627565982405,0,0.685185185185185,0.546081624832343,1,0.0663186898125836,1,0.91412213740458,0.808510638297872,0.802940138181451,0.366721854304636,1
0.0788611831329884,0,0.646627565982405,0,0.685185185185185,0.468480551829853,0.951596292481977,0.0677463648846493,1,0.91412213740458,0.808510638297872,0.80604165616017,0.385485651214128,1
0.135347827826676,0,0.646627565982405,0,0.47119341563786,0.399885035447404,0.872296601441813,0.0747119642808428,1,0.91412213740458,0.808510638297872,0.734353724343134,0.341335540838852,1
0.0791739856229996,0,0.646627565982405,0,0.47119341563786,0.487066487832918,0.846549948506694,0.0811319553692404,1,0.91412213740458,0.808510638297872,0.0055474305310404,0.594922737306843,1
0.0987502736881291,0,0.646627565982405,0,0.409465020576132,0.383981605671585,0.697219361483007,0.0849239331084215,1,0.91412213740458,0.808510638297872,0.00839679257652932,0.425772626931567,1
0.178194912705289,0,0.646627565982405,0,0.604938271604938,0.447403717187201,0.952626158599382,0.0709290800134583,1,0.91412213740458,0.808510638297872,0.0185586766856624,0.625275938189845,1
0.137584539846519,0,0.646627565982405,0,0.409465020576132,0.436098869515233,0.584963954685891,0.0789313351944639,1,0.91412213740458,0.808510638297872,0.0613495385546422,0.385209713024283,1
0.42323964020183,0,0.646627565982405,0,0.604938271604938,0.506035639011305,0.780638516992791,0.0666824286844474,1,0.91412213740458,0.808510638297872,0.0466488476473851,0.352924944812362,1
0.0827335048670404,0,0.646627565982405,0,0.604938271604938,0.504311170722361,0.774459320288362,0.0732933826805736,1,0.91412213740458,0.808510638297872,0.243103535226184,0.546081677704194,1
0.104895836658429,0,0.646627565982405,0,0.604938271604938,0.540141789614869,0.954685890834192,0.0762578544862643,1,0.91412213740458,0.808510638297872,0.152302183670382,0.616721854304636,1
0.0953784584176128,0,0.646627565982405,0,0.409465020576132,0.534010346809734,0.856848609680741,0.083941838154389,1,0.91412213740458,0.808510638297872,0.209617227293358,0.43901766004415,1
0.113026790639709,0,0.646627565982405,0,0.409465020576132,0.626940026825062,0.94129763130793,0.087170020642181,1,0.91412213740458,0.808510638297872,0.204271521508901,0.495584988962472,1
0.0723585330226364,0,0.646627565982405,0,0.409465020576132,0.54876413105959,0.740473738414006,0.0973728959979631,1,0.91412213740458,0.808510638297872,0.246179837611579,0.284216335540839,1
0.062658845892565,0,0.646627565982405,0,0.674897119341564,0.550871814523855,0.875386199794027,0.107866762451236,1,0.91412213740458,0.808510638297872,0.251828130515911,0.399834437086093,1
0.156312226115175,0,0.646627565982405,0,0.674897119341564,0.507185284537268,0.948506694129763,0.0993552728496213,1,0.91412213740458,0.808510638297872,0.252937616622119,0.370860927152318,1
0.125369169880863,0,0.646627565982405,0,0.730452674897119,0.587852078942326,0.944387229660144,0.090489137847939,1,0.91412213740458,0.808510638297872,0.276186393665843,0.594370860927152,1
0.16201527977783,0,0.646627565982405,0,0.730452674897119,0.555662004215367,0.930998970133883,0.0793860087842938,1,0.91412213740458,0.808510638297872,0.0685107670583489,0.450331125827815,1
0.170517033405013,0,0.646627565982405,0,0.730452674897119,0.496455259628281,1,0.0713473797161018,1,0.91412213740458,0.808510638297872,0.0226940339906198,0.682119205298013,1
0.153667510847491,0,0.646627565982405,0,0.730452674897119,0.454876413105959,0.875386199794027,0.0628358901144868,1,0.91412213740458,0.808510638297872,0.173054616975137,0.891004415011038,1
0.105477381783588,0,0.646627565982405,0,0.730452674897119,0.395861276106534,0.937178166838311,0.0625267120734025,1,0.91412213740458,0.808510638297872,1,0.583609271523179,1
0.247778012064308,0,0.646627565982405,0,0.730452674897119,0.432458325349684,0.92173017507724,0.0669825132537352,1,0.91412213740458,0.808510638297872,0.986257501639014,0.562362030905077,1
0.109226403362576,0,0.646627565982405,0,0.730452674897119,0.545123586894041,0.971163748712667,0.0850694286571671,1,0.91412213740458,0.808510638297872,0.972414140904735,0.490894039735099,1
0.0636175973261962,0,0.646627565982405,0,0.730452674897119,0.509292968001533,1,0.0795860651638189,1,0.91412213740458,0.808510638297872,0.996948913207928,0.410044150110375,1
0.111950471328049,0,0.646627565982405,0,0.730452674897119,0.560260586319218,1,0.0771853886095172,1,0.91412213740458,0.808510638297872,0.9743557415906,0.472406181015453,1
0.143823730008403,0,0.646627565982405,0,0.730452674897119,0.439356198505461,0.964984552008239,0.0696559939619347,1,0.91412213740458,0.808510638297872,0.60567855161632,0.608719646799117,1
0.119877423685409,0,0.646627565982405,0,0.730452674897119,0.555278789040046,0.946446961894954,0.078049268430194,1,0.91412213740458,0.808510638297872,0.107771445862121,0.613962472406181,1
0.0706053554303996,0,0.646627565982405,0,0.730452674897119,0.53266909369611,0.962924819773429,0.0856968782111322,1,0.91412213740458,0.808510638297872,0.801074184275556,0.443156732891832,1
0.111481885779772,0,0.646627565982405,0,0.730452674897119,0.515424410806668,0.964984552008239,0.0971546526748447,1,0.91412213740458,0.808510638297872,0.978869332795401,0.405905077262693,1
0.104785687021271,0,0.646627565982405,0,0.674897119341564,0.502778310021077,0.986611740473738,0.102938100737481,1,0.91412213740458,0.808510638297872,1,0.452538631346578,1
0.0845195025552468,0,0.646627565982405,0,0.674897119341564,0.547231270358306,0.982492276004119,0.0959725013412871,1,0.91412213740458,0.808510638297872,0.766276665489939,0.485099337748344,1
0.0754345178390709,0,0.646627565982405,0,0.674897119341564,0.610844989461583,0.923789907312049,0.108576053251371,1,0.91412213740458,0.808510638297872,0,0.433498896247241,1
0.0610860664305718,0,0.646627565982405,0,0.674897119341564,0.592833876221499,0.981462409886715,0.111449590339096,1,0.91412213740458,0.808510638297872,0.895077916183368,0.441501103752759,1
0.0571412482516555,0,0.646627565982405,0,0.674897119341564,0.52423835983905,0.915550978372812,0.112631741672653,1,0.91412213740458,0.808510638297872,0.970220384285642,0.428807947019868,1
0.0926355076571981,0,0.646627565982405,0,0.674897119341564,0.734240275914926,0.992790937178167,0.120315725340778,1,0.91412213740458,0.808510638297872,0.946971607241918,0.414183222958057,1
0.106859872127511,0,0.646627565982405,0,0.674897119341564,0.606821230120713,0.93923789907312,0.124262292100501,1,0.91412213740458,0.808510638297872,0.0160371173533713,0.468543046357616,1
0.053344457697369,0,0.646627565982405,0,0.674897119341564,0.567924889825637,0.86096807415036,0.118778928607153,1,0.91412213740458,0.808510638297872,0.127590902213929,0.452538631346578,1
0.0524054882393907,0,0.646627565982405,0,0.674897119341564,0.462732324200038,0.875386199794027,0.131946275768626,1,0.91412213740458,0.808510638297872,0.0256190428160775,0.47682119205298,1
0.0921015067121592,0,0.646627565982405,0,0.674897119341564,0.455068020693619,0.797116374871267,0.150005910756668,1,0.91412213740458,0.808510638297872,0.00801855867668566,0.419701986754967,1
0.087062160812176,0,0.646627565982405,0,0.674897119341564,0.525004790189692,0.832131822863028,0.150360556156735,1,0.91412213740458,0.808510638297872,0.685586766856624,0.400110375275938,1
0.0763724757187489,0,0.646627565982405,0,0.674897119341564,0.482851120904388,0.839340885684861,0.144395238658167,1,0.91412213740458,0.808510638297872,1,0.357891832229581,1
0.0540161456888556,0,0.646627565982405,0,0.674897119341564,0.60164782525388,0.897013388259526,0.133483072502251,1,0.91412213740458,0.808510638297872,0.642770689394321,0.405353200883002,1
0.0414386306916453,0,0.646627565982405,0,0.674897119341564,0.539375359264227,0.88053553038105,0.130718657076085,1,0.91412213740458,0.808510638297872,0.986207070452368,0.356512141280353,1
0.0747286609805476,0,0.646627565982405,0,0.674897119341564,0.528070511592259,0.824922760041195,0.145932035391792,1,0.91412213740458,0.808510638297872,1,0.338300220750552,1
0.0653572872077607,0,0.646627565982405,0,0.674897119341564,0.565625598773711,0.895983522142122,0.152042848439106,1,0.91412213740458,0.808510638297872,0.992233597256543,0.236203090507726,1
0.0880410314142269,0,0.646627565982405,0,0.555555555555556,0.507376892124928,0.643666323377961,0.166756085806,1,0.91412213740458,0.808510638297872,1,0.31705298013245,1
0.0354870659598507,0,0.646627565982405,0,0.555555555555556,0.421153477677716,0.466529351184346,0.176131455228292,1,0.91412213740458,0.808510638297872,0.842402541731807,0.342163355408389,1
0.0423588297522712,0,0.646627565982405,0,0.555555555555556,0.458133742096187,0.842430484037075,0.158399185224927,1,0.91412213740458,0.808510638297872,0.0546926219173937,0.425496688741722,1
0.0496343256841529,0,0.646627565982405,0,0.409465020576132,0.467905729066871,0.943357363542739,0.128281606634597,1,0.91412213740458,0.808510638297872,0.834560492208382,0.540562913907285,1
0.174996077324146,0,0.646627565982405,0,0.401234567901234,0.453151944817015,0.701338825952626,0.161754676317871,1,0.91412213740458,0.808510638297872,0.928992889202683,0.452538631346578,1
0.1468899362346,0,0.646627565982405,0,0.401234567901234,0.412339528645334,0.554067971163749,0.154052505706154,1,0.91412213740458,0.808510638297872,1,0.359547461368653,1
0.0488083158030561,0,0.646627565982405,0,0.401234567901234,0.499329373443188,0.835221421215242,0.173121516063618,1,0.91412213740458,0.808510638297872,1,0.401766004415011,1
0.0453197194376344,0,0.646627565982405,0,0.302469135802469,0.511209043878137,0.904222451081359,0.179114113977575,1,0.91412213740458,0.808510638297872,0.996041151848303,0.307395143487859,1
0.0400400674925042,0,0.646627565982405,0,0.401234567901234,0.551063422111516,0.742533470648816,0.160672553174076,1,0.91412213740458,0.808510638297872,0.991098895557012,0.348509933774834,0
0.0521588879292633,0,0.646627565982405,0,0.47119341563786,0.655106342211152,0.666323377960865,0.127608689721649,1,0.91412213740458,0.808510638297872,0.943970951636492,0.274006622516556,0
0.0904741020219427,0,0.646627565982405,0,0.409465020576132,0.357539758574439,0.952626158599382,0.118233320299357,1,0.91412213740458,0.808510638297872,0.888244490392859,0.452814569536424,1
0.0717860921021811,0,0.646627565982405,0,0.409465020576132,0.498371335504886,0.973223480947477,0.0978821304185725,1,0.91412213740458,0.808510638297872,0.762620404458117,0.617273730684327,1
0.0546824385960732,0,0.646627565982405,0,0.47119341563786,0.560068978731558,0.934088568486097,0.106911947912594,1,0.91412213740458,0.808510638297872,0.998260124060719,0.467715231788079,1
0.168788358487164,0,0.646627565982405,0,0.47119341563786,0.333972025292202,0.972193614830072,0.0883067046167556,1,0.91412213740458,0.808510638297872,0.880427656462757,0.63962472406181,1
0.11494541748286,0,0.646627565982405,0,0.47119341563786,0.502778310021077,0.966014418125644,0.0946539479307805,1,0.91412213740458,0.808510638297872,0.956629179484593,0.449779249448124,1
0.161036296778191,0,0.646627565982405,0,0.47119341563786,0.511209043878137,0.876416065911432,0.0747119642808428,1,0.91412213740458,0.808510638297872,0.965757224267487,0.31401766004415,1
0.0653894329181966,0,0.646627565982405,0,0.302469135802469,0.513699942517724,0.636457260556128,0.20865880384472,1,0.91412213740458,0.808510638297872,1,0.248620309050773,0
0.0640875316455412,0,0.646627565982405,0,0.302469135802469,0.611036597049243,0.741503604531411,0.200247342432867,1,0.91412213740458,0.808510638297872,0.990342427757325,0.16583885209713,0
0.064345821304918,0,0.646627565982405,0,0.302469135802469,0.67062655681165,0.76313079299691,0.207422091680383,1,0.91412213740458,0.808510638297872,0.995915073881688,0.145695364238411,0
0.0316068763945731,0,0.646627565982405,0,0.302469135802469,0.421728300440697,0.385169927909372,0.269957897225582,1,0.91412213740458,0.808510638297872,0.989964193857481,0.239790286975717,1
0.0266635180355419,0,0.646627565982405,0,0.407407407407407,0.442613527495689,0.401647785787848,0.235921032290918,1,0.91412213740458,0.808510638297872,0.934010792273942,0.320364238410596,1
0.0412201297787521,0,0.646627565982405,0,0.407407407407407,0.527112473653957,0.504634397528321,0.260264256290409,1,0.91412213740458,0.808510638297872,0.97912148872863,0.244205298013245,1
0.0639028624069179,0,0.646627565982405,0,0.407407407407407,0.489174171297183,0.791967044284243,0.219725559021179,1,0.91412213740458,0.808510638297872,0.989359019617732,0.365618101545254,1
0.0542807296132129,0,0.646627565982405,0,0.407407407407407,0.449128185476145,0.518022657054583,0.183933654029772,1,0.91412213740458,0.808510638297872,0.978112864995713,0.268211920529801,1
0.00162459475049309,0,1,0,0.460905349794239,0.362713163441272,0.924819773429454,0.0628631705298766,0.130434782608696,1,0.797872340425532,0.995435977608553,0.45060706401766,1
0.00198999931212676,0,1,0,0.460905349794239,0.355048859934853,0.982492276004119,0.0569069465031054,0.130434782608696,1,0.797872340425532,0.866735589288416,0.613686534216336,1
0.0022607651038756,0,1,0,0.460905349794239,0.293542824295842,0.979402677651905,0.0630177595504188,0.130434782608696,1,0.797872340425532,0.802133239195118,0.771247240618101,1
0.00111745682921007,0,1,0,0.460905349794239,0.464073577313662,0.987641606591143,0.0671552892178705,0.130434782608696,1,0.797872340425532,0.982878612133744,0.450883002207505,1
0.00118017468383682,0,1,0,0.460905349794239,0.464073577313662,0.830072090628218,0.0891433040220426,0.130434782608696,1,0.797872340425532,1,0.320640176600441,1
0.00187692733765629,0,0.338343108504399,0,0.411522633744856,0.411189883119372,0.526261585993821,0.113859360365194,0.217391304347826,0.389312977099237,0.702127659574468,1,0.283664459161148,1
0.00307126411769916,0,0.338343108504399,0,0.411522633744856,0.453151944817015,0.408856848609681,0.113859360365194,0.217391304347826,0.389312977099237,0.702127659574468,1,0.327262693156733,0
0.00194076916817242,0,0.338343108504399,0,0.411522633744856,0.404100402375934,0.266735324407827,0.151770044285208,0.217391304347826,0.389312977099237,0.702127659574468,0.990897170810429,0.437913907284768,0
0.00318399889940281,0,0.338343108504399,0,0.411522633744856,0.350450277831002,0.720906282183316,0.151770044285208,0.217391304347826,0.389312977099237,0.702127659574468,1,0.535596026490066,1
0.00294549121567883,0,0.338343108504399,0,0.411522633744856,0.427859743245833,0.697219361483007,0.160327001245806,0.217391304347826,0.389312977099237,0.702127659574468,1,0.341335540838852,1
0.00261661587044964,0,0.338343108504399,0,0.411522633744856,0.470971450469439,0.642636457260556,0.116350971637461,0.217391304347826,0.389312977099237,0.702127659574468,1,0.308774834437086,1
0.00192773104785575,0,0.338343108504399,0,0.411522633744856,0.384748036022227,0.727085478887745,0.115514372232175,0.217391304347826,0.389312977099237,0.702127659574468,0.997150637954511,0.3689293598234,1
0.00245094182435674,0,0.338343108504399,0,0.411522633744856,0.472504311170722,0.790937178166838,0.12445325500823,0.217391304347826,0.389312977099237,0.702127659574468,1,0.347682119205298,1
0.000632910823303347,0,0.420454545454545,0,0.386831275720165,0.580954205786549,0.681771369721936,0.122670934536097,0,0.16412213740458,0.893617021276596,0.987619143678451,0.219094922737307,1
0.000437788608908993,0,0.420454545454545,0,0.386831275720165,0.490323816823146,0.760041194644696,0.105293309932799,0,0.16412213740458,0.893617021276596,1,0.202814569536424,1
0.000611892474172158,0,0.420454545454545,0,0.386831275720165,0.65433991186051,0.907312049433574,0.0943811437768826,0,0.16412213740458,0.893617021276596,1,0.107891832229581,0
0.00116072990095075,0,0.420454545454545,0,0.386831275720165,0.619467330906304,0.889804325437693,0.114514090334549,0,0.16412213740458,0.893617021276596,0.991300620303596,0.1310706401766,1
0.000461841692941476,0,0.420454545454545,0,0.386831275720165,0.473079133933704,0.80226570545829,0.125071611090398,0,0.16412213740458,0.893617021276596,1,0.169701986754967,1
