"","generation","evals","hv_moc","hv_random","hv_mocice","hv_moccond","hv_mocmod","row_ids"
"1",0,20,0,0,0,0,0,273
"2",1,40,0,0,0,0,0,273
"3",2,60,0,0,0,0,0,273
"4",3,80,0,0,0,0,0,273
"5",4,100,0,0,0,0,0,273
"6",5,120,0,0,0,0,0,273
"7",6,140,0,0,0,0,0,273
"8",7,160,0,0,0,0,0,273
"9",8,180,0,0,0,0,0,273
"10",9,200,0,0,0,0,0,273
"11",10,220,0,0,0,0,0,273
"12",11,240,0,0,0,0,0,273
"13",12,260,0,0,0,0,0,273
"14",13,280,0,0,0,0,0,273
"15",14,300,0,0,0,0,0,273
"16",15,320,0,0,0,0,0,273
"17",16,340,0,0,0,0,0,273
"18",17,360,0,0,0,0,0,273
"19",18,380,0,0,0,0,0,273
"20",19,400,0,0,0,0,0,273
"21",20,420,0,0,0,0,0,273
"22",21,440,0,0,0,0,0,273
"23",22,460,0,0,0,0,0,273
"24",23,480,0,0,0,0,0,273
"25",24,500,0,0,0,0,0,273
"26",25,520,0,0,0,0,0,273
"27",26,540,0,0,0,0,0,273
"28",27,560,0,0,0,0,0,273
"29",28,580,0,0,0,0,0,273
"30",29,600,0,0,0,0,0,273
"31",30,620,0,0,0,0,0,273
"32",31,640,0,0,0,0,0,273
"33",32,660,0,0,0,0,0,273
"34",33,680,0,0,0,0,0,273
"35",34,700,0,0,0,0,0,273
"36",35,720,0,0,0,0,0,273
"37",36,740,0,0,0,0,0,273
"38",37,760,0,0,0,0,0,273
"39",38,780,0,0,0,0,0,273
"40",39,800,0,0,0,0,0,273
"41",40,820,0,0,0,0,0,273
"42",41,840,0,0,0,0,0,273
"43",42,860,0,0,0,0,0,273
"44",43,880,0,0,0,0,0,273
"45",44,900,0,0,0,0,0,273
"46",45,920,0,0,0,0,0,273
"47",46,940,0,0,0,0,0,273
"48",47,960,0,0,0,0,0,273
"49",48,980,0,0,0,0,0,273
"50",49,1000,0,0,0,0,0,273
"51",50,1020,0,0,0,0,0,273
"52",51,1040,0,0,0,0,0,273
"53",52,1060,0,0,0,0,0,273
"54",53,1080,0,0,0,0,0,273
"55",54,1100,0,0,0,0,0,273
"56",55,1120,0,0,0,0,0,273
"57",56,1140,0,0,0,0,0,273
"58",57,1160,0,0,0,0,0,273
"59",58,1180,0,0,0,0,0,273
"60",59,1200,0,0,0,0,0,273
"61",60,1220,0,0,0,0,0,273
"62",61,1240,0,0,0,0,0,273
"63",62,1260,0,0,0,0,0,273
"64",63,1280,0,0,0,0,0,273
"65",64,1300,0,0,0,0,0,273
"66",65,1320,0,0,0,0,0,273
"67",66,1340,0,0,0,0,0,273
"68",67,1360,0,0,0,0,0,273
"69",68,1380,0,0,0,0,0,273
"70",69,1400,0,0,0,0,0,273
"71",70,1420,0,0,0,0,0,273
"72",71,1440,0,0,0,0,0,273
"73",72,1460,0,0,0,0,0,273
"74",73,1480,0,0,0,0,0,273
"75",74,1500,0,0,0,0,0,273
"76",75,1520,0,0,0,0,0,273
"77",76,1540,0,0,0,0,0,273
"78",77,1560,0,0,0,0,0,273
"79",78,1580,0,0,0,0,0,273
"80",79,1600,0,0,0,0,0,273
"81",80,1620,0,0,0,0,0,273
"82",81,1640,0,0,0,0,0,273
"83",82,1660,0,0,0,0,0,273
"84",83,1680,0,0,0,0,0,273
"85",84,1700,0,0,0,0,0,273
"86",85,1720,0,0,0,0,0,273
"87",86,1740,0,0,0,0,0,273
"88",87,1760,0,0,0,0,0,273
"89",88,1780,0,0,0,0,0,273
"90",89,1800,0,0,0,0,0,273
"91",90,1820,0,0,0,0,0,273
"92",91,1840,0,0,0,0,0,273
"93",92,1860,0,0,0,0,0,273
"94",93,1880,0,0,0,0,0,273
"95",94,1900,0,0,0,0,0,273
"96",95,1920,0,0,0,0,0,273
"97",96,1940,0,0,0,0,0,273
"98",97,1960,0,0,0,0,0,273
"99",98,1980,0,0,0,0,0,273
"100",99,2000,0,0,0,0,0,273
"101",100,2020,0,0,0,0,0,273
"102",101,2040,0,0,0,0,0,273
"103",102,2060,0,0,0,0,0,273
"104",103,2080,0,0,0,0,0,273
"105",104,2100,0,0,0,0,0,273
"106",105,2120,0,0,0,0,0,273
"107",106,2140,0,0,0,0,0,273
"108",107,2160,0,0,0,0,0,273
"109",108,2180,0,0,0,0,0,273
"110",109,2200,0,0,0,0,0,273
"111",110,2220,0,0,0,0,0,273
"112",111,2240,0,0,0,0,0,273
"113",112,2260,0,0,0,0,0,273
"114",113,2280,0,0,0,0,0,273
"115",114,2300,0,0,0,0,0,273
"116",115,2320,0,0,0,0,0,273
"117",116,2340,0,0,0,0,0,273
"118",117,2360,0,0,0,0,0,273
"119",118,2380,0,0,0,0,0,273
"120",119,2400,0,0,0,0,0,273
"121",120,2420,0,0,0,0,0,273
"122",121,2440,0,0,0,0,0,273
"123",122,2460,0,0,0,0,0,273
"124",123,2480,0,0,0,0,0,273
"125",124,2500,0,0,0,0,0,273
"126",125,2520,0,0,0,0,0,273
"127",126,2540,0,0,0,0,0,273
"128",127,2560,0,0,0,0,0,273
"129",128,2580,0,0,0,0,0,273
"130",129,2600,0,0,0,0,0,273
"131",130,2620,0,0,0,0,0,273
"132",131,2640,0,0,0,0,0,273
"133",132,2660,0,0,0,0,0,273
"134",133,2680,0,0,0,0,0,273
"135",134,2700,0,0,0,0,0,273
"136",135,2720,0,0,0,0,0,273
"137",136,2740,0,0,0,0,0,273
"138",137,2760,0,0,0,0,0,273
"139",138,2780,0,0,0,0,0,273
"140",139,2800,0,0,0,0,0,273
"141",140,2820,0,0,0,0,0,273
"142",141,2840,0,0,0,0,0,273
"143",142,2860,0,0,0,0,0,273
"144",143,2880,0,0,0,0,0,273
"145",144,2900,0,0,0,0,0,273
"146",145,2920,0,0,0,0,0,273
"147",146,2940,0,0,0,0,0,273
"148",147,2960,0,0,0,0,0,273
"149",148,2980,0,0,0,0,0,273
"150",149,3000,0,0,0,0,0,273
"151",150,3020,0,0,0,0,0,273
"152",151,3040,0,0,0,0,0,273
"153",152,3060,0,0,0,0,0,273
"154",153,3080,0,0,0,0,0,273
"155",154,3100,0,0,0,0,0,273
"156",155,3120,0,0,0,0,0,273
"157",156,3140,0,0,0,0,0,273
"158",157,3160,0,0,0,0,0,273
"159",158,3180,0,0,0,0,0,273
"160",159,3200,0,0,0,0,0,273
"161",160,3220,0,0,0,0,0,273
"162",161,3240,0,0,0,0,0,273
"163",162,3260,0,0,0,0,0,273
"164",163,3280,0,0,0,0,0,273
"165",164,3300,0,0,0,0,0,273
"166",165,3320,0,0,0,0,0,273
"167",166,3340,0,0,0,0,0,273
"168",167,3360,0,0,0,0,0,273
"169",168,3380,0,0,0,0,0,273
"170",169,3400,0,0,0,0,0,273
"171",170,3420,0,0,0,0,0,273
"172",171,3440,0,0,0,0,0,273
"173",172,3460,0,0,0,0,0,273
"174",173,3480,0,0,0,0,0,273
"175",174,3500,0,0,0,0,0,273
"176",175,3520,0,0,0,0,0,273
"177",0,20,0,0,0,0,0,315
"178",1,40,0,0,0,0,0,315
"179",2,60,0,0,0,0,0,315
"180",3,80,0,0,0,0,0,315
"181",4,100,0,0,0,0,0,315
"182",5,120,0,0,0,0,0,315
"183",6,140,0,0,0,0,0,315
"184",7,160,0,0,0,0,0,315
"185",8,180,0,0,0,0,0,315
"186",9,200,0,0,0,0,0,315
"187",10,220,0,0,0,0,0,315
"188",11,240,0,0,0,0,0,315
"189",12,260,0,0,0,0,0,315
"190",13,280,0,0,0,0,0,315
"191",14,300,0,0,0,0,0,315
"192",15,320,0,0,0,0,0,315
"193",16,340,0,0,0,0,0,315
"194",17,360,0,0,0,0,0,315
"195",18,380,0,0,0,0,0,315
"196",19,400,0,0,0,0,0,315
"197",20,420,0,0,0,0,0,315
"198",21,440,0,0,0,0,0,315
"199",22,460,0,0,0,0,0,315
"200",23,480,0,0,0,0,0,315
"201",24,500,0,0,0,0,0,315
"202",25,520,0,0,0,0,0,315
"203",26,540,0,0,0,0,0,315
"204",27,560,0,0,0,0,0,315
"205",28,580,0,0,0,0,0,315
"206",29,600,0,0,0,0,0,315
"207",30,620,0,0,0,0,0,315
"208",31,640,0,0,0,0,0,315
"209",32,660,0,0,0,0,0,315
"210",33,680,0,0,0,0,0,315
"211",34,700,0,0,0,0,0,315
"212",35,720,0,0,0,0,0,315
"213",36,740,0,0,0,0,0,315
"214",37,760,0,0,0,0,0,315
"215",38,780,0,0,0,0,0,315
"216",39,800,0,0,0,0,0,315
"217",40,820,0,0,0,0,0,315
"218",41,840,0,0,0,0,0,315
"219",42,860,0,0,0,0,0,315
"220",43,880,0,0,0,0,0,315
"221",44,900,0,0,0,0,0,315
"222",45,920,0,0,0,0,0,315
"223",46,940,0,0,0,0,0,315
"224",47,960,0,0,0,0,0,315
"225",48,980,0,0,0,0,0,315
"226",49,1000,0,0,0,0,0,315
"227",50,1020,0,0,0,0,0,315
"228",51,1040,0,0,0,0,0,315
"229",52,1060,0,0,0,0,0,315
"230",53,1080,0,0,0,0,0,315
"231",54,1100,0,0,0,0,0,315
"232",55,1120,0,0,0,0,0,315
"233",56,1140,0,0,0,0,0,315
"234",57,1160,0,0,0,0,0,315
"235",58,1180,0,0,0,0,0,315
"236",59,1200,0,0,0,0,0,315
"237",60,1220,0,0,0,0,0,315
"238",61,1240,0,0,0,0,0,315
"239",62,1260,0,0,0,0,0,315
"240",63,1280,0,0,0,0,0,315
"241",64,1300,0,0,0,0,0,315
"242",65,1320,0,0,0,0,0,315
"243",66,1340,0,0,0,0,0,315
"244",67,1360,0,0,0,0,0,315
"245",68,1380,0,0,0,0,0,315
"246",69,1400,0,0,0,0,0,315
"247",70,1420,0,0,0,0,0,315
"248",71,1440,0,0,0,0,0,315
"249",72,1460,0,0,0,0,0,315
"250",73,1480,0,0,0,0,0,315
"251",74,1500,0,0,0,0,0,315
"252",75,1520,0,0,0,0,0,315
"253",76,1540,0,0,0,0,0,315
"254",77,1560,0,0,0,0,0,315
"255",78,1580,0,0,0,0,0,315
"256",79,1600,0,0,0,0,0,315
"257",80,1620,0,0,0,0,0,315
"258",81,1640,0,0,0,0,0,315
"259",82,1660,0,0,0,0,0,315
"260",83,1680,0,0,0,0,0,315
"261",84,1700,0,0,0,0,0,315
"262",85,1720,0,0,0,0,0,315
"263",86,1740,0,0,0,0,0,315
"264",87,1760,0,0,0,0,0,315
"265",88,1780,0,0,0,0,0,315
"266",89,1800,0,0,0,0,0,315
"267",90,1820,0,0,0,0,0,315
"268",91,1840,0,0,0,0,0,315
"269",92,1860,0,0,0,0,0,315
"270",93,1880,0,0,0,0,0,315
"271",94,1900,0,0,0,0,0,315
"272",95,1920,0,0,0,0,0,315
"273",96,1940,0,0,0,0,0,315
"274",97,1960,0,0,0,0,0,315
"275",98,1980,0,0,0,0,0,315
"276",99,2000,0,0,0,0,0,315
"277",100,2020,0,0,0,0,0,315
"278",101,2040,0,0,0,0,0,315
"279",102,2060,0,0,0,0,0,315
"280",103,2080,0,0,0,0,0,315
"281",104,2100,0,0,0,0,0,315
"282",105,2120,0,0,0,0,0,315
"283",106,2140,0,0,0,0,0,315
"284",107,2160,0,0,0,0,0,315
"285",108,2180,0,0,0,0,0,315
"286",109,2200,0,0,0,0,0,315
"287",110,2220,0,0,0,0,0,315
"288",111,2240,0,0,0,0,0,315
"289",112,2260,0,0,0,0,0,315
"290",113,2280,0,0,0,0,0,315
"291",114,2300,0,0,0,0,0,315
"292",115,2320,0,0,0,0,0,315
"293",116,2340,0,0,0,0,0,315
"294",117,2360,0,0,0,0,0,315
"295",118,2380,0,0,0,0,0,315
"296",119,2400,0,0,0,0,0,315
"297",120,2420,0,0,0,0,0,315
"298",121,2440,0,0,0,0,0,315
"299",122,2460,0,0,0,0,0,315
"300",123,2480,0,0,0,0,0,315
"301",124,2500,0,0,0,0,0,315
"302",125,2520,0,0,0,0,0,315
"303",126,2540,0,0,0,0,0,315
"304",127,2560,0,0,0,0,0,315
"305",128,2580,0,0,0,0,0,315
"306",129,2600,0,0,0,0,0,315
"307",130,2620,0,0,0,0,0,315
"308",131,2640,0,0,0,0,0,315
"309",132,2660,0,0,0,0,0,315
"310",133,2680,0,0,0,0,0,315
"311",134,2700,0,0,0,0,0,315
"312",135,2720,0,0,0,0,0,315
"313",136,2740,0,0,0,0,0,315
"314",137,2760,0,0,0,0,0,315
"315",138,2780,0,0,0,0,0,315
"316",139,2800,0,0,0,0,0,315
"317",140,2820,0,0,0,0,0,315
"318",141,2840,0,0,0,0,0,315
"319",142,2860,0,0,0,0,0,315
"320",143,2880,0,0,0,0,0,315
"321",144,2900,0,0,0,0,0,315
"322",145,2920,0,0,0,0,0,315
"323",146,2940,0,0,0,0,0,315
"324",147,2960,0,0,0,0,0,315
"325",148,2980,0,0,0,0,0,315
"326",149,3000,0,0,0,0,0,315
"327",150,3020,0,0,0,0,0,315
"328",151,3040,0,0,0,0,0,315
"329",152,3060,0,0,0,0,0,315
"330",153,3080,0,0,0,0,0,315
"331",154,3100,0,0,0,0,0,315
"332",155,3120,0,0,0,0,0,315
"333",156,3140,0,0,0,0,0,315
"334",157,3160,0,0,0,0,0,315
"335",158,3180,0,0,0,0,0,315
"336",159,3200,0,0,0,0,0,315
"337",160,3220,0,0,0,0,0,315
"338",161,3240,0,0,0,0,0,315
"339",162,3260,0,0,0,0,0,315
"340",163,3280,0,0,0,0,0,315
"341",164,3300,0,0,0,0,0,315
"342",165,3320,0,0,0,0,0,315
"343",166,3340,0,0,0,0,0,315
"344",167,3360,0,0,0,0,0,315
"345",168,3380,0,0,0,0,0,315
"346",169,3400,0,0,0,0,0,315
"347",170,3420,0,0,0,0,0,315
"348",171,3440,0,0,0,0,0,315
"349",172,3460,0,0,0,0,0,315
"350",173,3480,0,0,0,0,0,315
"351",174,3500,0,0,0,0,0,315
"352",175,3520,0,0,0,0,0,315
"353",0,20,1.34964509274509,1.58646925248674,1.83409774989602,1.54694079927397,1.845597739483,199
"354",1,40,1.35542634130503,1.61250470478593,1.85814571215425,1.89496814393928,2.08069790772503,199
"355",2,60,1.68006064308124,1.65573384278948,1.86408286377811,1.91425762950903,2.08735458859186,199
"356",3,80,1.68311344853617,1.67862906051548,1.88010168803905,2.01583621145395,2.08752829292515,199
"357",4,100,1.68311344853617,1.74802876612007,2.04132214961091,2.02283876670436,2.09866933899527,199
"358",5,120,1.90085317207915,1.83035330103396,2.05008054764178,2.09715016976177,2.09985023607666,199
"359",6,140,1.90498083952204,1.86148377249729,2.05011691581019,2.09781400669475,2.10416088388734,199
"360",7,160,1.90498083952204,1.8677351317117,2.05056202568502,2.10423005596778,2.10521745188434,199
"361",8,180,1.90498083952204,1.86776296695808,2.05623559924081,2.10685977953532,2.10531898795871,199
"362",9,200,1.90498083952204,1.86824353231722,2.05623559924081,2.10938437576651,2.10617242589157,199
"363",10,220,1.90564328958119,1.86925403336036,2.09127869505736,2.1121584305742,2.11103505360505,199
"364",11,240,1.9193315806582,1.86968505739921,2.09127869505736,2.11289597736519,2.11103527960715,199
"365",12,260,1.91944520218231,1.869698273401,2.09286836696761,2.11295742747387,2.12887762506013,199
"366",13,280,1.91944520218231,1.869698273401,2.09545569505558,2.11404636749871,2.12918320967144,199
"367",14,300,1.94314765481599,1.86974951661765,2.09545569505558,2.115324519878,2.12929801462589,199
"368",15,320,1.94388118235588,1.86974951661765,2.09548064106864,2.11562618060844,2.13243215954544,199
"369",16,340,1.94583910445568,1.87229583848555,2.09548064106864,2.11565392266837,2.13337117715643,199
"370",17,360,1.94583910445568,1.87229583848555,2.09548064106864,2.11565726738608,2.13337352942624,199
"371",18,380,1.94812120982624,1.87284690162468,2.09548064106864,2.11907711556706,2.13475024864799,199
"372",19,400,1.94812120982624,1.87284690162468,2.10864448202937,2.12211090502722,2.13511358495743,199
"373",20,420,1.95086822087775,1.8733774060751,2.10877968755857,2.12213972926771,2.13683725620252,199
"374",21,440,1.95109393355776,1.8736885972934,2.10878123954605,2.12219394670566,2.13710756687659,199
"375",22,460,1.95109393635835,1.8736885972934,2.1130014226695,2.12292658698821,2.13906084355833,199
"376",23,480,1.95109393635835,1.96228262946728,2.11658137554211,2.12355001588205,2.13955304651828,199
"377",24,500,1.95192677966148,1.96230420321969,2.11782349728912,2.12882520894235,2.13989376600685,199
"378",25,520,1.95676259637131,1.96230420321969,2.11939468515719,2.1374511203884,2.14010873944431,199
"379",26,540,1.95676259637131,1.96231456567115,2.12005096809648,2.13745797284606,2.14032354839051,199
"380",27,560,1.95676259637131,1.96231456567115,2.12079404039033,2.13745995116487,2.14033908292572,199
"381",28,580,1.95676259692719,1.96231456567115,2.12079404039033,2.13982737447338,2.14035066992858,199
"382",29,600,1.95676912844735,1.96663836326052,2.12079994041198,2.13982737447338,2.14074055765087,199
"383",30,620,1.95691992293496,1.96663836326052,2.12644564804924,2.14106131950293,2.14085992882668,199
"384",31,640,1.95723186076703,1.96664612280483,2.12644564804924,2.14106131950293,2.14102324344709,199
"385",32,660,2.03562420285691,1.96734121773628,2.12644564804924,2.14106535481847,2.14102706089748,199
"386",33,680,2.03562420285691,1.96988479235947,2.12644564804924,2.1441698301222,2.14105175714594,199
"387",34,700,2.03562420285691,1.96988479235947,2.12673155055958,2.14487357211542,2.14118938710411,199
"388",35,720,2.04540595587292,1.97012079377991,2.12673155055958,2.14487454588606,2.14244134436756,199
"389",36,740,2.04544480535346,1.97012079377991,2.12673324142009,2.14495534154896,2.14244134436756,199
"390",37,760,2.04544480535346,1.97111890695747,2.12673324142009,2.14495534154896,2.14247052550888,199
"391",38,780,2.04544480535346,1.97157907683501,2.12673324142009,2.14496321415726,2.14285857557868,199
"392",39,800,2.04544480535346,1.9716116408542,2.13029237938641,2.14496321415726,2.14422144029174,199
"393",40,820,2.04600006508941,1.9716116408542,2.13040876975267,2.14497286909064,2.1443683216708,199
"394",41,840,2.04600006508941,1.97247261382917,2.1304140579079,2.14497286909064,2.14445935018779,199
"395",42,860,2.04600006508941,1.97247261382917,2.1304140579079,2.14692295328169,2.14445935262762,199
"396",43,880,2.04608061423457,1.97247261382917,2.15001479587335,2.1476305539842,2.1444629201527,199
"397",44,900,2.04608061423457,1.97247261382917,2.15001479587335,2.14785047757647,2.14461095987843,199
"398",45,920,2.04608061423457,1.97380782811773,2.15059650576756,2.14849065330563,2.14461133927261,199
"399",46,940,2.04608061423457,1.97380782811773,2.15059651777469,2.1485394256215,2.14461156695185,199
"400",47,960,2.04608061423457,1.97380782811773,2.15059651777469,2.14854272888328,2.14461156695185,199
"401",48,980,2.0467375665976,1.97404317104868,2.15059651777469,2.1490683499624,2.14461156695185,199
"402",49,1000,2.05044573419787,1.98201069209403,2.15146629176118,2.14932647087229,2.14467489275539,199
"403",50,1020,2.05044573419787,1.98201069209403,2.15185700758516,2.14950655530899,2.14480188178311,199
"404",51,1040,2.05044573419787,1.98201069209403,2.15185700758516,2.14951573608258,2.14486103922113,199
"405",52,1060,2.05044573419787,1.98464391564529,2.15185700758516,2.14951577907677,2.14487459148329,199
"406",53,1080,2.05099445631618,1.98464391564529,2.15185700758516,2.14952692219976,2.14707202679666,199
"407",54,1100,2.05099445631618,1.98525615778728,2.15185700758516,2.14959753138504,2.14707202679666,199
"408",55,1120,2.05270951685438,2.06524010008561,2.15193935713185,2.14962233675168,2.14707210825726,199
"409",56,1140,2.05270951685438,2.06524010008561,2.15352049399106,2.14962340598035,2.14707327596728,199
"410",57,1160,2.05270951685438,2.06549256347273,2.15352049399106,2.15042455160558,2.14707457051371,199
"411",58,1180,2.05270951685438,2.06966158681653,2.15352049399106,2.15042456362433,2.1470746239813,199
"412",59,1200,2.05629456126581,2.06966158681653,2.15352049399106,2.15095042659035,2.14707463685806,199
"413",60,1220,2.05787054415466,2.06966158681653,2.15352049399106,2.15095159487695,2.14707463685806,199
"414",61,1240,2.05787054415466,2.06966158681653,2.15352049399106,2.15146624299579,2.14707463685806,199
"415",62,1260,2.05787054415466,2.06966158681653,2.15352246616395,2.15643951118105,2.14707463685806,199
"416",63,1280,2.05787054415466,2.06966188789274,2.15361810410933,2.15643953648855,2.14738582271068,199
"417",64,1300,2.05963994235314,2.06987316846633,2.15361828599298,2.15643953648855,2.1476552580722,199
"418",65,1320,2.05963994235314,2.06987316846633,2.15387385662014,2.15671455225411,2.14768205236682,199
"419",66,1340,2.05963994235314,2.06987316846633,2.15387385662014,2.15671455225411,2.14768364677404,199
"420",67,1360,2.05963994235314,2.06987324547882,2.15404500147013,2.15671455225411,2.14768470685397,199
"421",68,1380,2.06395556101632,2.06987324547882,2.15404500147013,2.15671978267144,2.14768470685397,199
"422",69,1400,2.06749031870503,2.06991424536137,2.15470288674118,2.15674988524507,2.14789366972118,199
"423",70,1420,2.06749031870503,2.06991424536137,2.15470300573148,2.15677021035682,2.14789619388507,199
"424",71,1440,2.06758847851959,2.07002270958359,2.15486225701913,2.15677021035682,2.14790158195223,199
"425",72,1460,2.06758847851959,2.07002270958359,2.15486226340654,2.15680379699364,2.14790158195223,199
"426",73,1480,2.06758847851959,2.0720313501279,2.15601968695,2.15680379699364,2.14790167767603,199
"427",74,1500,2.07289892906142,2.07206959148496,2.15601968695,2.15689068777372,2.14790418676464,199
"428",75,1520,2.07289892906142,2.07228045272337,2.15601968695,2.15689068777372,2.14790418676464,199
"429",76,1540,2.07289892906142,2.07228045272337,2.15601968695,2.15689628001601,2.14790418676464,199
"430",77,1560,2.0734112224828,2.07228045272337,2.15601968695,2.15695564986226,2.14790418676464,199
"431",78,1580,2.0734112224828,2.07228045272337,2.15603778409925,2.15695564986226,2.1479147998754,199
"432",79,1600,2.0734112224828,2.07228045272337,2.15603837680346,2.15695564986226,2.14791501721196,199
"433",80,1620,2.07367435835696,2.07228045272337,2.15603837680346,2.15697420917856,2.14791501721196,199
"434",81,1640,2.07367435835696,2.07912920044726,2.15603837680346,2.15697420917856,2.14791501721196,199
"435",82,1660,2.07367435835696,2.07912920044726,2.15603837680346,2.15704359814973,2.14791501721196,199
"436",83,1680,2.07367435835696,2.07913082975252,2.15603837680346,2.15704381842204,2.14791732504578,199
"437",84,1700,2.07367435835696,2.07913082975252,2.15603837680346,2.15704381842204,2.14791738670637,199
"438",85,1720,2.07367435835696,2.07939506788932,2.15603837680346,2.15710045374363,2.1479394765108,199
"439",86,1740,2.07367435835696,2.07939506788932,2.15603837680346,2.15730580000496,2.1479394765108,199
"440",87,1760,2.07367435835696,2.08654179001861,2.15603837680346,2.15803171955328,2.14818023101185,199
"441",88,1780,2.07367435835696,2.08761245143469,2.15626598064268,2.15803307501139,2.14818095971459,199
"442",89,1800,2.07678594941741,2.08761245143469,2.15626598064268,2.15803307501139,2.1481900967602,199
"443",90,1820,2.07678594941741,2.08761245143469,2.15626598064268,2.15804284568071,2.14848798047257,199
"444",91,1840,2.07678594941741,2.08761245143469,2.15626598064268,2.15807098411834,2.14848798047257,199
"445",92,1860,2.07678594941741,2.08793441116081,2.15626598064268,2.15807098411834,2.14848798047257,199
"446",93,1880,2.07678594941741,2.08799474082235,2.15636110682371,2.15808425679315,2.14865049894267,199
"447",94,1900,2.07678594941741,2.08799474082235,2.15636725966306,2.15816899065356,2.14888038192824,199
"448",95,1920,2.07678594941741,2.08860250832019,2.15745527302867,2.15859827800401,2.14890894231352,199
"449",96,1940,2.07678594941741,2.08860257036686,2.15745527302867,2.15947689344437,2.14890894231352,199
"450",97,1960,2.07678594941741,2.08860257036686,2.15745527302867,2.15982217195973,2.1489095334877,199
"451",98,1980,2.07678594941741,2.08860257036686,2.15763141517468,2.16038890673595,2.14890957520912,199
"452",99,2000,2.07742256643844,2.08860257036686,2.15791136072227,2.16065447448074,2.14890957520912,199
"453",100,2020,2.07742256643844,2.08860257036686,2.15791136072227,2.16066905824603,2.15140269889785,199
"454",101,2040,2.07742256643844,2.0917008741779,2.15791136072227,2.16066905824603,2.15140269889785,199
"455",102,2060,2.07742256643844,2.0917008741779,2.15791159248042,2.16066980095789,2.15140269889785,199
"456",103,2080,2.07742836016936,2.09810264168209,2.15791159248042,2.16066980095789,2.15140353671725,199
"457",104,2100,2.07742836016936,2.09875285552407,2.15791159248042,2.16067092837595,2.1514252930728,199
"458",105,2120,2.07742836016936,2.09875285552406,2.15791159248042,2.16067092837595,2.1514252930728,199
"459",106,2140,2.07742836016936,2.09875285552406,2.15791390514679,2.16067092837595,2.15142633667312,199
"460",107,2160,2.07742836016936,2.09876136796757,2.15791390514679,2.16067092837595,2.15142633667312,199
"461",108,2180,2.07742836016936,2.09878836698852,2.15791390514679,2.16067092837595,2.15142653421169,199
"462",109,2200,2.07742836016936,2.09902570573024,2.15791390514679,2.1606774840095,2.15142653421169,199
"463",110,2220,2.07909252037399,2.09902570573024,2.15791390514679,2.16077612401828,2.15142653421169,199
"464",111,2240,2.07909252037399,2.09902570573024,2.15794522712929,2.16077612401828,2.15142940947267,199
"465",112,2260,2.07909272045274,2.09902570573024,2.15794522712929,2.16077612401828,2.15143711645698,199
"466",113,2280,2.07909272045274,2.09905344249532,2.15794522712929,2.16077612401828,2.15143711645698,199
"467",114,2300,2.07909272045274,2.09991751654888,2.15794522712929,2.16077671913939,2.15152792982113,199
"468",115,2320,2.07909272045274,2.09991751654888,2.15794522712929,2.16077671913939,2.15152796524653,199
"469",116,2340,2.07911550863297,2.09991751654888,2.15794522712929,2.16077671913939,2.15154126858137,199
"470",117,2360,2.07911550863297,2.09995707404074,2.15794522712929,2.16085836379952,2.15154126858137,199
"471",118,2380,2.07911550863297,2.10003421180416,2.15794522712929,2.16086137026584,2.15154127122903,199
"472",119,2400,2.07911550863297,2.10003421180416,2.15794522712929,2.1608665897791,2.15154879987518,199
"473",120,2420,2.07912745370628,2.10003421180416,2.15794522712929,2.1608665897791,2.15154881158636,199
"474",121,2440,2.07912745370628,2.10035663026248,2.15794522712929,2.1608665897791,2.1515489584654,199
"475",122,2460,2.08231998629997,2.10035663026248,2.15794522712929,2.16086766683449,2.1515489584654,199
"476",123,2480,2.08231998629997,2.10035663026248,2.15795686670376,2.16086831611491,2.15154896697223,199
"477",124,2500,2.08231998629997,2.10035663026248,2.15795686670376,2.16189256386513,2.15154896697223,199
"478",125,2520,2.08231998629997,2.10035663026248,2.15795686670376,2.16189256386513,2.15154897961973,199
"479",126,2540,2.08231998629997,2.10035663026248,2.15797545843786,2.16189339293849,2.15154897961973,199
"480",127,2560,2.08231998629997,2.10035663026248,2.15797545843786,2.16190517106076,2.15154897961973,199
"481",128,2580,2.08231998629997,2.10550547627207,2.15797545843786,2.16190517106076,2.1515489885014,199
"482",129,2600,2.08231998629997,2.10550547627207,2.15797545843786,2.16194121371331,2.15154904302222,199
"483",130,2620,2.08231998629997,2.10564086933607,2.15797545843786,2.16194121371331,2.15155121823542,199
"484",131,2640,2.08231998629997,2.10765488474251,2.15797622367477,2.16194804984487,2.15155223541097,199
"485",132,2660,2.08231998629997,2.10765488474251,2.15797622367477,2.16203897846243,2.15155223541097,199
"486",133,2680,2.08231998629997,2.10767670569615,2.15797622367477,2.16503939779688,2.1515522354457,199
"487",134,2700,2.08232797858315,2.10767670569615,2.15797717457674,2.1651202787926,2.15155226120388,199
"488",135,2720,2.08232797858315,2.10900050053901,2.15797717457674,2.1651562711276,2.15183628870303,199
"489",136,2740,2.08232797858315,2.10900050053901,2.15797717457674,2.16515673513088,2.15183629827219,199
"490",137,2760,2.08232797858315,2.10900050053901,2.15797754789512,2.16530759259535,2.15183629827219,199
"491",138,2780,2.08232797858315,2.10900094755432,2.1579957333588,2.16530925054812,2.15183683542011,199
"492",139,2800,2.08232797858315,2.10900190120891,2.15799586980149,2.16530925054812,2.15183683542011,199
"493",140,2820,2.08232797858315,2.10931213853924,2.15799586980149,2.16530925054812,2.15183715811112,199
"494",141,2840,2.08286584890095,2.10931213853924,2.15800365274749,2.16530925054812,2.15220728950348,199
"495",142,2860,2.08286584890095,2.10931213853924,2.15800365274749,2.16541372750835,2.15220728950348,199
"496",143,2880,2.08286584890095,2.11013726850117,2.15800394693286,2.16541372750835,2.15220728950348,199
"497",144,2900,2.08286584890095,2.11013726850117,2.15800394693286,2.16551999860379,2.15220728950348,199
"498",145,2920,2.09183662236267,2.11013726850117,2.15800394693286,2.16553403242996,2.15221964491596,199
"499",146,2940,2.09209462275087,2.11013726850117,2.15800394693286,2.16553403242996,2.15228608532494,199
"500",147,2960,2.09209462275087,2.11020203282316,2.15800489035794,2.16553403242996,2.15228608532494,199
"501",148,2980,2.09380478843494,2.11020203282316,2.15800489035794,2.16553403242996,2.15230268211076,199
"502",149,3000,2.09506548348916,2.11020203282316,2.15800489035794,2.1655391460233,2.15230268211076,199
"503",150,3020,2.09506548348916,2.11112105931631,2.15801135723311,2.16553951227684,2.15230268211076,199
"504",151,3040,2.09506548348916,2.11112105931631,2.15801961725125,2.16553951227684,2.15230268211076,199
"505",152,3060,2.09506548348916,2.11116145125702,2.15801961725125,2.16553951437293,2.15230268211076,199
"506",153,3080,2.09506548348916,2.11134801495553,2.15803221824466,2.16564489058036,2.15230297547841,199
"507",154,3100,2.09506548348916,2.11137307554962,2.15803221824466,2.16564496366777,2.15230297547841,199
"508",155,3120,2.09506548348916,2.11149469587131,2.15803221824466,2.16564646400815,2.15232538018086,199
"509",156,3140,2.09506548348916,2.11149469587131,2.15803221824466,2.16564646400815,2.15232546820738,199
"510",157,3160,2.09506548348916,2.11202198986445,2.15803221824466,2.1656581925691,2.15232546820738,199
"511",158,3180,2.09506548348916,2.11202198986445,2.15803282193572,2.1656581925691,2.15232546820738,199
"512",159,3200,2.09506548348916,2.11202198986445,2.15803282241835,2.16566510604817,2.1523302550624,199
"513",160,3220,2.09506548348916,2.11202198986445,2.15803282241835,2.16566510604817,2.15234283786614,199
"514",161,3240,2.09506548348916,2.11202198986445,2.15803282241835,2.16573926637855,2.15234283786614,199
"515",162,3260,2.09506548348916,2.11202198986445,2.15803331645763,2.16573926867005,2.15235821960995,199
"516",163,3280,2.09526668922482,2.11202198986445,2.15803331645763,2.16578745540746,2.15235821960995,199
"517",164,3300,2.09526668922482,2.11202198986445,2.15803331645763,2.16578745540746,2.15235821960995,199
"518",165,3320,2.09526668922482,2.11202198986445,2.15803331645763,2.1657874741556,2.15235862233796,199
"519",166,3340,2.09526668922482,2.11209689203398,2.15803331645763,2.16579270000381,2.15235864394528,199
"520",167,3360,2.09526668922482,2.11209689203398,2.15803331645763,2.16579305047897,2.15235864394528,199
"521",168,3380,2.09526668922482,2.11209689203398,2.15803331645763,2.16579305047897,2.1523586442475,199
"522",169,3400,2.09526668922482,2.11291876904349,2.15803331645763,2.16579582995181,2.1523586442475,199
"523",170,3420,2.09526668922482,2.11291876904349,2.15803331645763,2.16579583079635,2.15235865095396,199
"524",171,3440,2.09526668922482,2.11291876904349,2.15803332085519,2.16579583079635,2.1523587170353,199
"525",172,3460,2.09590426033391,2.11291876904349,2.15803357270934,2.16579601312848,2.1523587170353,199
"526",173,3480,2.09590426033391,2.11291876904349,2.15806919071723,2.16579601312848,2.15235877165571,199
"527",174,3500,2.09590426033391,2.11300078786617,2.15806919071723,2.16579613485026,2.15235878764658,199
"528",175,3520,2.09590426033391,2.11300078786617,2.15806919071723,2.16579616397308,2.15235914106992,199
"529",0,20,0,0,0,0,0,99
"530",1,40,0,0,0,0,0,99
"531",2,60,0,0,0,0,0,99
"532",3,80,0,0,0,0,0,99
"533",4,100,0,0,0,0,0,99
"534",5,120,0,0,0,0,0,99
"535",6,140,0,0,0,0,0,99
"536",7,160,0,0,0,0,0,99
"537",8,180,0,0,0,0,0,99
"538",9,200,0,0,0,0,0,99
"539",10,220,0,0,0,0,0,99
"540",11,240,0,0,0,0,0,99
"541",12,260,0,0,0,0,0,99
"542",13,280,0,0,0,0,0,99
"543",14,300,0,0,0,0,0,99
"544",15,320,0,0,0,0,0,99
"545",16,340,0,0,0,0,0,99
"546",17,360,0,0,0,0,0,99
"547",18,380,0,0,0,0,0,99
"548",19,400,0,0,0,0,0,99
"549",20,420,0,0,0,0,0,99
"550",21,440,0,0,0,0,0,99
"551",22,460,0,0,0,0,0,99
"552",23,480,0,0,0,0,0,99
"553",24,500,0,0,0,0,0,99
"554",25,520,0,0,0,0,0,99
"555",26,540,0,0,0,0,0,99
"556",27,560,0,0,0,0,0,99
"557",28,580,0,0,0,0,0,99
"558",29,600,0,0,0,0,0,99
"559",30,620,0,0,0,0,0,99
"560",31,640,0,0,0,0,0,99
"561",32,660,0,0,0,0,0,99
"562",33,680,0,0,0,0,0,99
"563",34,700,0,0,0,0,0,99
"564",35,720,0,0,0,0,0,99
"565",36,740,0,0,0,0,0,99
"566",37,760,0,0,0,0,0,99
"567",38,780,0,0,0,0,0,99
"568",39,800,0,0,0,0,0,99
"569",40,820,0,0,0,0,0,99
"570",41,840,0,0,0,0,0,99
"571",42,860,0,0,0,0,0,99
"572",43,880,0,0,0,0,0,99
"573",44,900,0,0,0,0,0,99
"574",45,920,0,0,0,0,0,99
"575",46,940,0,0,0,0,0,99
"576",47,960,0,0,0,0,0,99
"577",48,980,0,0,0,0,0,99
"578",49,1000,0,0,0,0,0,99
"579",50,1020,0,0,0,0,0,99
"580",51,1040,0,0,0,0,0,99
"581",52,1060,0,0,0,0,0,99
"582",53,1080,0,0,0,0,0,99
"583",54,1100,0,0,0,0,0,99
"584",55,1120,0,0,0,0,0,99
"585",56,1140,0,0,0,0,0,99
"586",57,1160,0,0,0,0,0,99
"587",58,1180,0,0,0,0,0,99
"588",59,1200,0,0,0,0,0,99
"589",60,1220,0,0,0,0,0,99
"590",61,1240,0,0,0,0,0,99
"591",62,1260,0,0,0,0,0,99
"592",63,1280,0,0,0,0,0,99
"593",64,1300,0,0,0,0,0,99
"594",65,1320,0,0,0,0,0,99
"595",66,1340,0,0,0,0,0,99
"596",67,1360,0,0,0,0,0,99
"597",68,1380,0,0,0,0,0,99
"598",69,1400,0,0,0,0,0,99
"599",70,1420,0,0,0,0,0,99
"600",71,1440,0,0,0,0,0,99
"601",72,1460,0,0,0,0,0,99
"602",73,1480,0,0,0,0,0,99
"603",74,1500,0,0,0,0,0,99
"604",75,1520,0,0,0,0,0,99
"605",76,1540,0,0,0,0,0,99
"606",77,1560,0,0,0,0,0,99
"607",78,1580,0,0,0,0,0,99
"608",79,1600,0,0,0,0,0,99
"609",80,1620,0,0,0,0,0,99
"610",81,1640,0,0,0,0,0,99
"611",82,1660,0,0,0,0,0,99
"612",83,1680,0,0,0,0,0,99
"613",84,1700,0,0,0,0,0,99
"614",85,1720,0,0,0,0,0,99
"615",86,1740,0,0,0,0,0,99
"616",87,1760,0,0,0,0,0,99
"617",88,1780,0,0,0,0,0,99
"618",89,1800,0,0,0,0,0,99
"619",90,1820,0,0,0,0,0,99
"620",91,1840,0,0,0,0,0,99
"621",92,1860,0,0,0,0,0,99
"622",93,1880,0,0,0,0,0,99
"623",94,1900,0,0,0,0,0,99
"624",95,1920,0,0,0,0,0,99
"625",96,1940,0,0,0,0,0,99
"626",97,1960,0,0,0,0,0,99
"627",98,1980,0,0,0,0,0,99
"628",99,2000,0,0,0,0,0,99
"629",100,2020,0,0,0,0,0,99
"630",101,2040,0,0,0,0,0,99
"631",102,2060,0,0,0,0,0,99
"632",103,2080,0,0,0,0,0,99
"633",104,2100,0,0,0,0,0,99
"634",105,2120,0,0,0,0,0,99
"635",106,2140,0,0,0,0,0,99
"636",107,2160,0,0,0,0,0,99
"637",108,2180,0,0,0,0,0,99
"638",109,2200,0,0,0,0,0,99
"639",110,2220,0,0,0,0,0,99
"640",111,2240,0,0,0,0,0,99
"641",112,2260,0,0,0,0,0,99
"642",113,2280,0,0,0,0,0,99
"643",114,2300,0,0,0,0,0,99
"644",115,2320,0,0,0,0,0,99
"645",116,2340,0,0,0,0,0,99
"646",117,2360,0,0,0,0,0,99
"647",118,2380,0,0,0,0,0,99
"648",119,2400,0,0,0,0,0,99
"649",120,2420,0,0,0,0,0,99
"650",121,2440,0,0,0,0,0,99
"651",122,2460,0,0,0,0,0,99
"652",123,2480,0,0,0,0,0,99
"653",124,2500,0,0,0,0,0,99
"654",125,2520,0,0,0,0,0,99
"655",126,2540,0,0,0,0,0,99
"656",127,2560,0,0,0,0,0,99
"657",128,2580,0,0,0,0,0,99
"658",129,2600,0,0,0,0,0,99
"659",130,2620,0,0,0,0,0,99
"660",131,2640,0,0,0,0,0,99
"661",132,2660,0,0,0,0,0,99
"662",133,2680,0,0,0,0,0,99
"663",134,2700,0,0,0,0,0,99
"664",135,2720,0,0,0,0,0,99
"665",136,2740,0,0,0,0,0,99
"666",137,2760,0,0,0,0,0,99
"667",138,2780,0,0,0,0,0,99
"668",139,2800,0,0,0,0,0,99
"669",140,2820,0,0,0,0,0,99
"670",141,2840,0,0,0,0,0,99
"671",142,2860,0,0,0,0,0,99
"672",143,2880,0,0,0,0,0,99
"673",144,2900,0,0,0,0,0,99
"674",145,2920,0,0,0,0,0,99
"675",146,2940,0,0,0,0,0,99
"676",147,2960,0,0,0,0,0,99
"677",148,2980,0,0,0,0,0,99
"678",149,3000,0,0,0,0,0,99
"679",150,3020,0,0,0,0,0,99
"680",151,3040,0,0,0,0,0,99
"681",152,3060,0,0,0,0,0,99
"682",153,3080,0,0,0,0,0,99
"683",154,3100,0,0,0,0,0,99
"684",155,3120,0,0,0,0,0,99
"685",156,3140,0,0,0,0,0,99
"686",157,3160,0,0,0,0,0,99
"687",158,3180,0,0,0,0,0,99
"688",159,3200,0,0,0,0,0,99
"689",160,3220,0,0,0,0,0,99
"690",161,3240,0,0,0,0,0,99
"691",162,3260,0,0,0,0,0,99
"692",163,3280,0,0,0,0,0,99
"693",164,3300,0,0,0,0,0,99
"694",165,3320,0,0,0,0,0,99
"695",166,3340,0,0,0,0,0,99
"696",167,3360,0,0,0,0,0,99
"697",168,3380,0,0,0,0,0,99
"698",169,3400,0,0,0,0,0,99
"699",170,3420,0,0,0,0,0,99
"700",171,3440,0,0,0,0,0,99
"701",172,3460,0,0,0,0,0,99
"702",173,3480,0,0,0,0,0,99
"703",174,3500,0,0,0,0,0,99
"704",175,3520,0,0,0,0,0,99
"705",0,20,0,0,0,0,0,168
"706",1,40,0,0,0,0,0,168
"707",2,60,0,0,0,0,0,168
"708",3,80,0,0,0,0,0,168
"709",4,100,0,0,0,0,0,168
"710",5,120,0,0,0,0,0,168
"711",6,140,0,0,0,0,0,168
"712",7,160,0,0,0,0,0,168
"713",8,180,0,0,0,0,0,168
"714",9,200,0,0,0,0,0,168
"715",10,220,0,0,0,0,0,168
"716",11,240,0,0,0,0,0,168
"717",12,260,0,0,0,0,0,168
"718",13,280,0,0,0,0,0,168
"719",14,300,0,0,0,0,0,168
"720",15,320,0,0,0,0,0,168
"721",16,340,0,0,0,0,0,168
"722",17,360,0,0,0,0,0,168
"723",18,380,0,0,0,0,0,168
"724",19,400,0,0,0,0,0,168
"725",20,420,0,0,0,0,0,168
"726",21,440,0,0,0,0,0,168
"727",22,460,0,0,0,0,0,168
"728",23,480,0,0,0,0,0,168
"729",24,500,0,0,0,0,0,168
"730",25,520,0,0,0,0,0,168
"731",26,540,0,0,0,0,0,168
"732",27,560,0,0,0,0,0,168
"733",28,580,0,0,0,0,0,168
"734",29,600,0,0,0,0,0,168
"735",30,620,0,0,0,0,0,168
"736",31,640,0,0,0,0,0,168
"737",32,660,0,0,0,0,0,168
"738",33,680,0,0,0,0,0,168
"739",34,700,0,0,0,0,0,168
"740",35,720,0,0,0,0,0,168
"741",36,740,0,0,0,0,0,168
"742",37,760,0,0,0,0,0,168
"743",38,780,0,0,0,0,0,168
"744",39,800,0,0,0,0,0,168
"745",40,820,0,0,0,0,0,168
"746",41,840,0,0,0,0,0,168
"747",42,860,0,0,0,0,0,168
"748",43,880,0,0,0,0,0,168
"749",44,900,0,0,0,0,0,168
"750",45,920,0,0,0,0,0,168
"751",46,940,0,0,0,0,0,168
"752",47,960,0,0,0,0,0,168
"753",48,980,0,0,0,0,0,168
"754",49,1000,0,0,0,0,0,168
"755",50,1020,0,0,0,0,0,168
"756",51,1040,0,0,0,0,0,168
"757",52,1060,0,0,0,0,0,168
"758",53,1080,0,0,0,0,0,168
"759",54,1100,0,0,0,0,0,168
"760",55,1120,0,0,0,0,0,168
"761",56,1140,0,0,0,0,0,168
"762",57,1160,0,0,0,0,0,168
"763",58,1180,0,0,0,0,0,168
"764",59,1200,0,0,0,0,0,168
"765",60,1220,0,0,0,0,0,168
"766",61,1240,0,0,0,0,0,168
"767",62,1260,0,0,0,0,0,168
"768",63,1280,0,0,0,0,0,168
"769",64,1300,0,0,0,0,0,168
"770",65,1320,0,0,0,0,0,168
"771",66,1340,0,0,0,0,0,168
"772",67,1360,0,0,0,0,0,168
"773",68,1380,0,0,0,0,0,168
"774",69,1400,0,0,0,0,0,168
"775",70,1420,0,0,0,0,0,168
"776",71,1440,0,0,0,0,0,168
"777",72,1460,0,0,0,0,0,168
"778",73,1480,0,0,0,0,0,168
"779",74,1500,0,0,0,0,0,168
"780",75,1520,0,0,0,0,0,168
"781",76,1540,0,0,0,0,0,168
"782",77,1560,0,0,0,0,0,168
"783",78,1580,0,0,0,0,0,168
"784",79,1600,0,0,0,0,0,168
"785",80,1620,0,0,0,0,0,168
"786",81,1640,0,0,0,0,0,168
"787",82,1660,0,0,0,0,0,168
"788",83,1680,0,0,0,0,0,168
"789",84,1700,0,0,0,0,0,168
"790",85,1720,0,0,0,0,0,168
"791",86,1740,0,0,0,0,0,168
"792",87,1760,0,0,0,0,0,168
"793",88,1780,0,0,0,0,0,168
"794",89,1800,0,0,0,0,0,168
"795",90,1820,0,0,0,0,0,168
"796",91,1840,0,0,0,0,0,168
"797",92,1860,0,0,0,0,0,168
"798",93,1880,0,0,0,0,0,168
"799",94,1900,0,0,0,0,0,168
"800",95,1920,0,0,0,0,0,168
"801",96,1940,0,0,0,0,0,168
"802",97,1960,0,0,0,0,0,168
"803",98,1980,0,0,0,0,0,168
"804",99,2000,0,0,0,0,0,168
"805",100,2020,0,0,0,0,0,168
"806",101,2040,0,0,0,0,0,168
"807",102,2060,0,0,0,0,0,168
"808",103,2080,0,0,0,0,0,168
"809",104,2100,0,0,0,0,0,168
"810",105,2120,0,0,0,0,0,168
"811",106,2140,0,0,0,0,0,168
"812",107,2160,0,0,0,0,0,168
"813",108,2180,0,0,0,0,0,168
"814",109,2200,0,0,0,0,0,168
"815",110,2220,0,0,0,0,0,168
"816",111,2240,0,0,0,0,0,168
"817",112,2260,0,0,0,0,0,168
"818",113,2280,0,0,0,0,0,168
"819",114,2300,0,0,0,0,0,168
"820",115,2320,0,0,0,0,0,168
"821",116,2340,0,0,0,0,0,168
"822",117,2360,0,0,0,0,0,168
"823",118,2380,0,0,0,0,0,168
"824",119,2400,0,0,0,0,0,168
"825",120,2420,0,0,0,0,0,168
"826",121,2440,0,0,0,0,0,168
"827",122,2460,0,0,0,0,0,168
"828",123,2480,0,0,0,0,0,168
"829",124,2500,0,0,0,0,0,168
"830",125,2520,0,0,0,0,0,168
"831",126,2540,0,0,0,0,0,168
"832",127,2560,0,0,0,0,0,168
"833",128,2580,0,0,0,0,0,168
"834",129,2600,0,0,0,0,0,168
"835",130,2620,0,0,0,0,0,168
"836",131,2640,0,0,0,0,0,168
"837",132,2660,0,0,0,0,0,168
"838",133,2680,0,0,0,0,0,168
"839",134,2700,0,0,0,0,0,168
"840",135,2720,0,0,0,0,0,168
"841",136,2740,0,0,0,0,0,168
"842",137,2760,0,0,0,0,0,168
"843",138,2780,0,0,0,0,0,168
"844",139,2800,0,0,0,0,0,168
"845",140,2820,0,0,0,0,0,168
"846",141,2840,0,0,0,0,0,168
"847",142,2860,0,0,0,0,0,168
"848",143,2880,0,0,0,0,0,168
"849",144,2900,0,0,0,0,0,168
"850",145,2920,0,0,0,0,0,168
"851",146,2940,0,0,0,0,0,168
"852",147,2960,0,0,0,0,0,168
"853",148,2980,0,0,0,0,0,168
"854",149,3000,0,0,0,0,0,168
"855",150,3020,0,0,0,0,0,168
"856",151,3040,0,0,0,0,0,168
"857",152,3060,0,0,0,0,0,168
"858",153,3080,0,0,0,0,0,168
"859",154,3100,0,0,0,0,0,168
"860",155,3120,0,0,0,0,0,168
"861",156,3140,0,0,0,0,0,168
"862",157,3160,0,0,0,0,0,168
"863",158,3180,0,0,0,0,0,168
"864",159,3200,0,0,0,0,0,168
"865",160,3220,0,0,0,0,0,168
"866",161,3240,0,0,0,0,0,168
"867",162,3260,0,0,0,0,0,168
"868",163,3280,0,0,0,0,0,168
"869",164,3300,0,0,0,0,0,168
"870",165,3320,0,0,0,0,0,168
"871",166,3340,0,0,0,0,0,168
"872",167,3360,0,0,0,0,0,168
"873",168,3380,0,0,0,0,0,168
"874",169,3400,0,0,0,0,0,168
"875",170,3420,0,0,0,0,0,168
"876",171,3440,0,0,0,0,0,168
"877",172,3460,0,0,0,0,0,168
"878",173,3480,0,0,0,0,0,168
"879",174,3500,0,0,0,0,0,168
"880",175,3520,0,0,0,0,0,168
"881",0,20,0,0,0,0,0,112
"882",1,40,0,0,0,0,0,112
"883",2,60,0,0,0,0,0,112
"884",3,80,0,0,0,0,0,112
"885",4,100,0,0,0,0,0,112
"886",5,120,0,0,0,0,0,112
"887",6,140,0,0,0,0,0,112
"888",7,160,0,0,0,0,0,112
"889",8,180,0,0,0,0,0,112
"890",9,200,0,0,0,0,0,112
"891",10,220,0,0,0,0,0,112
"892",11,240,0,0,0,0,0,112
"893",12,260,0,0,0,0,0,112
"894",13,280,0,0,0,0,0,112
"895",14,300,0,0,0,0,0,112
"896",15,320,0,0,0,0,0,112
"897",16,340,0,0,0,0,0,112
"898",17,360,0,0,0,0,0,112
"899",18,380,0,0,0,0,0,112
"900",19,400,0,0,0,0,0,112
"901",20,420,0,0,0,0,0,112
"902",21,440,0,0,0,0,0,112
"903",22,460,0,0,0,0,0,112
"904",23,480,0,0,0,0,0,112
"905",24,500,0,0,0,0,0,112
"906",25,520,0,0,0,0,0,112
"907",26,540,0,0,0,0,0,112
"908",27,560,0,0,0,0,0,112
"909",28,580,0,0,0,0,0,112
"910",29,600,0,0,0,0,0,112
"911",30,620,0,0,0,0,0,112
"912",31,640,0,0,0,0,0,112
"913",32,660,0,0,0,0,0,112
"914",33,680,0,0,0,0,0,112
"915",34,700,0,0,0,0,0,112
"916",35,720,0,0,0,0,0,112
"917",36,740,0,0,0,0,0,112
"918",37,760,0,0,0,0,0,112
"919",38,780,0,0,0,0,0,112
"920",39,800,0,0,0,0,0,112
"921",40,820,0,0,0,0,0,112
"922",41,840,0,0,0,0,0,112
"923",42,860,0,0,0,0,0,112
"924",43,880,0,0,0,0,0,112
"925",44,900,0,0,0,0,0,112
"926",45,920,0,0,0,0,0,112
"927",46,940,0,0,0,0,0,112
"928",47,960,0,0,0,0,0,112
"929",48,980,0,0,0,0,0,112
"930",49,1000,0,0,0,0,0,112
"931",50,1020,0,0,0,0,0,112
"932",51,1040,0,0,0,0,0,112
"933",52,1060,0,0,0,0,0,112
"934",53,1080,0,0,0,0,0,112
"935",54,1100,0,0,0,0,0,112
"936",55,1120,0,0,0,0,0,112
"937",56,1140,0,0,0,0,0,112
"938",57,1160,0,0,0,0,0,112
"939",58,1180,0,0,0,0,0,112
"940",59,1200,0,0,0,0,0,112
"941",60,1220,0,0,0,0,0,112
"942",61,1240,0,0,0,0,0,112
"943",62,1260,0,0,0,0,0,112
"944",63,1280,0,0,0,0,0,112
"945",64,1300,0,0,0,0,0,112
"946",65,1320,0,0,0,0,0,112
"947",66,1340,0,0,0,0,0,112
"948",67,1360,0,0,0,0,0,112
"949",68,1380,0,0,0,0,0,112
"950",69,1400,0,0,0,0,0,112
"951",70,1420,0,0,0,0,0,112
"952",71,1440,0,0,0,0,0,112
"953",72,1460,0,0,0,0,0,112
"954",73,1480,0,0,0,0,0,112
"955",74,1500,0,0,0,0,0,112
"956",75,1520,0,0,0,0,0,112
"957",76,1540,0,0,0,0,0,112
"958",77,1560,0,0,0,0,0,112
"959",78,1580,0,0,0,0,0,112
"960",79,1600,0,0,0,0,0,112
"961",80,1620,0,0,0,0,0,112
"962",81,1640,0,0,0,0,0,112
"963",82,1660,0,0,0,0,0,112
"964",83,1680,0,0,0,0,0,112
"965",84,1700,0,0,0,0,0,112
"966",85,1720,0,0,0,0,0,112
"967",86,1740,0,0,0,0,0,112
"968",87,1760,0,0,0,0,0,112
"969",88,1780,0,0,0,0,0,112
"970",89,1800,0,0,0,0,0,112
"971",90,1820,0,0,0,0,0,112
"972",91,1840,0,0,0,0,0,112
"973",92,1860,0,0,0,0,0,112
"974",93,1880,0,0,0,0,0,112
"975",94,1900,0,0,0,0,0,112
"976",95,1920,0,0,0,0,0,112
"977",96,1940,0,0,0,0,0,112
"978",97,1960,0,0,0,0,0,112
"979",98,1980,0,0,0,0,0,112
"980",99,2000,0,0,0,0,0,112
"981",100,2020,0,0,0,0,0,112
"982",101,2040,0,0,0,0,0,112
"983",102,2060,0,0,0,0,0,112
"984",103,2080,0,0,0,0,0,112
"985",104,2100,0,0,0,0,0,112
"986",105,2120,0,0,0,0,0,112
"987",106,2140,0,0,0,0,0,112
"988",107,2160,0,0,0,0,0,112
"989",108,2180,0,0,0,0,0,112
"990",109,2200,0,0,0,0,0,112
"991",110,2220,0,0,0,0,0,112
"992",111,2240,0,0,0,0,0,112
"993",112,2260,0,0,0,0,0,112
"994",113,2280,0,0,0,0,0,112
"995",114,2300,0,0,0,0,0,112
"996",115,2320,0,0,0,0,0,112
"997",116,2340,0,0,0,0,0,112
"998",117,2360,0,0,0,0,0,112
"999",118,2380,0,0,0,0,0,112
"1000",119,2400,0,0,0,0,0,112
"1001",120,2420,0,0,0,0,0,112
"1002",121,2440,0,0,0,0,0,112
"1003",122,2460,0,0,0,0,0,112
"1004",123,2480,0,0,0,0,0,112
"1005",124,2500,0,0,0,0,0,112
"1006",125,2520,0,0,0,0,0,112
"1007",126,2540,0,0,0,0,0,112
"1008",127,2560,0,0,0,0,0,112
"1009",128,2580,0,0,0,0,0,112
"1010",129,2600,0,0,0,0,0,112
"1011",130,2620,0,0,0,0,0,112
"1012",131,2640,0,0,0,0,0,112
"1013",132,2660,0,0,0,0,0,112
"1014",133,2680,0,0,0,0,0,112
"1015",134,2700,0,0,0,0,0,112
"1016",135,2720,0,0,0,0,0,112
"1017",136,2740,0,0,0,0,0,112
"1018",137,2760,0,0,0,0,0,112
"1019",138,2780,0,0,0,0,0,112
"1020",139,2800,0,0,0,0,0,112
"1021",140,2820,0,0,0,0,0,112
"1022",141,2840,0,0,0,0,0,112
"1023",142,2860,0,0,0,0,0,112
"1024",143,2880,0,0,0,0,0,112
"1025",144,2900,0,0,0,0,0,112
"1026",145,2920,0,0,0,0,0,112
"1027",146,2940,0,0,0,0,0,112
"1028",147,2960,0,0,0,0,0,112
"1029",148,2980,0,0,0,0,0,112
"1030",149,3000,0,0,0,0,0,112
"1031",150,3020,0,0,0,0,0,112
"1032",151,3040,0,0,0,0,0,112
"1033",152,3060,0,0,0,0,0,112
"1034",153,3080,0,0,0,0,0,112
"1035",154,3100,0,0,0,0,0,112
"1036",155,3120,0,0,0,0,0,112
"1037",156,3140,0,0,0,0,0,112
"1038",157,3160,0,0,0,0,0,112
"1039",158,3180,0,0,0,0,0,112
"1040",159,3200,0,0,0,0,0,112
"1041",160,3220,0,0,0,0,0,112
"1042",161,3240,0,0,0,0,0,112
"1043",162,3260,0,0,0,0,0,112
"1044",163,3280,0,0,0,0,0,112
"1045",164,3300,0,0,0,0,0,112
"1046",165,3320,0,0,0,0,0,112
"1047",166,3340,0,0,0,0,0,112
"1048",167,3360,0,0,0,0,0,112
"1049",168,3380,0,0,0,0,0,112
"1050",169,3400,0,0,0,0,0,112
"1051",170,3420,0,0,0,0,0,112
"1052",171,3440,0,0,0,0,0,112
"1053",172,3460,0,0,0,0,0,112
"1054",173,3480,0,0,0,0,0,112
"1055",174,3500,0,0,0,0,0,112
"1056",175,3520,0,0,0,0,0,112
"1057",0,20,0,0,0,0,0,313
"1058",1,40,0,0,0,0,0,313
"1059",2,60,0,0,0,0,0,313
"1060",3,80,0,0,0,0,0,313
"1061",4,100,0,0,0,0,0,313
"1062",5,120,0,0,0,0,0,313
"1063",6,140,0,0,0,0,0,313
"1064",7,160,0,0,0,0,0,313
"1065",8,180,0,0,0,0,0,313
"1066",9,200,0,0,0,0,0,313
"1067",10,220,0,0,0,0,0,313
"1068",11,240,0,0,0,0,0,313
"1069",12,260,0,0,0,0,0,313
"1070",13,280,0,0,0,0,0,313
"1071",14,300,0,0,0,0,0,313
"1072",15,320,0,0,0,0,0,313
"1073",16,340,0,0,0,0,0,313
"1074",17,360,0,0,0,0,0,313
"1075",18,380,0,0,0,0,0,313
"1076",19,400,0,0,0,0,0,313
"1077",20,420,0,0,0,0,0,313
"1078",21,440,0,0,0,0,0,313
"1079",22,460,0,0,0,0,0,313
"1080",23,480,0,0,0,0,0,313
"1081",24,500,0,0,0,0,0,313
"1082",25,520,0,0,0,0,0,313
"1083",26,540,0,0,0,0,0,313
"1084",27,560,0,0,0,0,0,313
"1085",28,580,0,0,0,0,0,313
"1086",29,600,0,0,0,0,0,313
"1087",30,620,0,0,0,0,0,313
"1088",31,640,0,0,0,0,0,313
"1089",32,660,0,0,0,0,0,313
"1090",33,680,0,0,0,0,0,313
"1091",34,700,0,0,0,0,0,313
"1092",35,720,0,0,0,0,0,313
"1093",36,740,0,0,0,0,0,313
"1094",37,760,0,0,0,0,0,313
"1095",38,780,0,0,0,0,0,313
"1096",39,800,0,0,0,0,0,313
"1097",40,820,0,0,0,0,0,313
"1098",41,840,0,0,0,0,0,313
"1099",42,860,0,0,0,0,0,313
"1100",43,880,0,0,0,0,0,313
"1101",44,900,0,0,0,0,0,313
"1102",45,920,0,0,0,0,0,313
"1103",46,940,0,0,0,0,0,313
"1104",47,960,0,0,0,0,0,313
"1105",48,980,0,0,0,0,0,313
"1106",49,1000,0,0,0,0,0,313
"1107",50,1020,0,0,0,0,0,313
"1108",51,1040,0,0,0,0,0,313
"1109",52,1060,0,0,0,0,0,313
"1110",53,1080,0,0,0,0,0,313
"1111",54,1100,0,0,0,0,0,313
"1112",55,1120,0,0,0,0,0,313
"1113",56,1140,0,0,0,0,0,313
"1114",57,1160,0,0,0,0,0,313
"1115",58,1180,0,0,0,0,0,313
"1116",59,1200,0,0,0,0,0,313
"1117",60,1220,0,0,0,0,0,313
"1118",61,1240,0,0,0,0,0,313
"1119",62,1260,0,0,0,0,0,313
"1120",63,1280,0,0,0,0,0,313
"1121",64,1300,0,0,0,0,0,313
"1122",65,1320,0,0,0,0,0,313
"1123",66,1340,0,0,0,0,0,313
"1124",67,1360,0,0,0,0,0,313
"1125",68,1380,0,0,0,0,0,313
"1126",69,1400,0,0,0,0,0,313
"1127",70,1420,0,0,0,0,0,313
"1128",71,1440,0,0,0,0,0,313
"1129",72,1460,0,0,0,0,0,313
"1130",73,1480,0,0,0,0,0,313
"1131",74,1500,0,0,0,0,0,313
"1132",75,1520,0,0,0,0,0,313
"1133",76,1540,0,0,0,0,0,313
"1134",77,1560,0,0,0,0,0,313
"1135",78,1580,0,0,0,0,0,313
"1136",79,1600,0,0,0,0,0,313
"1137",80,1620,0,0,0,0,0,313
"1138",81,1640,0,0,0,0,0,313
"1139",82,1660,0,0,0,0,0,313
"1140",83,1680,0,0,0,0,0,313
"1141",84,1700,0,0,0,0,0,313
"1142",85,1720,0,0,0,0,0,313
"1143",86,1740,0,0,0,0,0,313
"1144",87,1760,0,0,0,0,0,313
"1145",88,1780,0,0,0,0,0,313
"1146",89,1800,0,0,0,0,0,313
"1147",90,1820,0,0,0,0,0,313
"1148",91,1840,0,0,0,0,0,313
"1149",92,1860,0,0,0,0,0,313
"1150",93,1880,0,0,0,0,0,313
"1151",94,1900,0,0,0,0,0,313
"1152",95,1920,0,0,0,0,0,313
"1153",96,1940,0,0,0,0,0,313
"1154",97,1960,0,0,0,0,0,313
"1155",98,1980,0,0,0,0,0,313
"1156",99,2000,0,0,0,0,0,313
"1157",100,2020,0,0,0,0,0,313
"1158",101,2040,0,0,0,0,0,313
"1159",102,2060,0,0,0,0,0,313
"1160",103,2080,0,0,0,0,0,313
"1161",104,2100,0,0,0,0,0,313
"1162",105,2120,0,0,0,0,0,313
"1163",106,2140,0,0,0,0,0,313
"1164",107,2160,0,0,0,0,0,313
"1165",108,2180,0,0,0,0,0,313
"1166",109,2200,0,0,0,0,0,313
"1167",110,2220,0,0,0,0,0,313
"1168",111,2240,0,0,0,0,0,313
"1169",112,2260,0,0,0,0,0,313
"1170",113,2280,0,0,0,0,0,313
"1171",114,2300,0,0,0,0,0,313
"1172",115,2320,0,0,0,0,0,313
"1173",116,2340,0,0,0,0,0,313
"1174",117,2360,0,0,0,0,0,313
"1175",118,2380,0,0,0,0,0,313
"1176",119,2400,0,0,0,0,0,313
"1177",120,2420,0,0,0,0,0,313
"1178",121,2440,0,0,0,0,0,313
"1179",122,2460,0,0,0,0,0,313
"1180",123,2480,0,0,0,0,0,313
"1181",124,2500,0,0,0,0,0,313
"1182",125,2520,0,0,0,0,0,313
"1183",126,2540,0,0,0,0,0,313
"1184",127,2560,0,0,0,0,0,313
"1185",128,2580,0,0,0,0,0,313
"1186",129,2600,0,0,0,0,0,313
"1187",130,2620,0,0,0,0,0,313
"1188",131,2640,0,0,0,0,0,313
"1189",132,2660,0,0,0,0,0,313
"1190",133,2680,0,0,0,0,0,313
"1191",134,2700,0,0,0,0,0,313
"1192",135,2720,0,0,0,0,0,313
"1193",136,2740,0,0,0,0,0,313
"1194",137,2760,0,0,0,0,0,313
"1195",138,2780,0,0,0,0,0,313
"1196",139,2800,0,0,0,0,0,313
"1197",140,2820,0,0,0,0,0,313
"1198",141,2840,0,0,0,0,0,313
"1199",142,2860,0,0,0,0,0,313
"1200",143,2880,0,0,0,0,0,313
"1201",144,2900,0,0,0,0,0,313
"1202",145,2920,0,0,0,0,0,313
"1203",146,2940,0,0,0,0,0,313
"1204",147,2960,0,0,0,0,0,313
"1205",148,2980,0,0,0,0,0,313
"1206",149,3000,0,0,0,0,0,313
"1207",150,3020,0,0,0,0,0,313
"1208",151,3040,0,0,0,0,0,313
"1209",152,3060,0,0,0,0,0,313
"1210",153,3080,0,0,0,0,0,313
"1211",154,3100,0,0,0,0,0,313
"1212",155,3120,0,0,0,0,0,313
"1213",156,3140,0,0,0,0,0,313
"1214",157,3160,0,0,0,0,0,313
"1215",158,3180,0,0,0,0,0,313
"1216",159,3200,0,0,0,0,0,313
"1217",160,3220,0,0,0,0,0,313
"1218",161,3240,0,0,0,0,0,313
"1219",162,3260,0,0,0,0,0,313
"1220",163,3280,0,0,0,0,0,313
"1221",164,3300,0,0,0,0,0,313
"1222",165,3320,0,0,0,0,0,313
"1223",166,3340,0,0,0,0,0,313
"1224",167,3360,0,0,0,0,0,313
"1225",168,3380,0,0,0,0,0,313
"1226",169,3400,0,0,0,0,0,313
"1227",170,3420,0,0,0,0,0,313
"1228",171,3440,0,0,0,0,0,313
"1229",172,3460,0,0,0,0,0,313
"1230",173,3480,0,0,0,0,0,313
"1231",174,3500,0,0,0,0,0,313
"1232",175,3520,0,0,0,0,0,313
"1233",0,20,0,0,0,0,0,119
"1234",1,40,0,0,0,0,0,119
"1235",2,60,0,0,0,0,0,119
"1236",3,80,0,0,0,0,0,119
"1237",4,100,0,0,0,0,0,119
"1238",5,120,0,0,0,0,0,119
"1239",6,140,0,0,0,0,0,119
"1240",7,160,0,0,0,0,0,119
"1241",8,180,0,0,0,0,0,119
"1242",9,200,0,0,0,0,0,119
"1243",10,220,0,0,0,0,0,119
"1244",11,240,0,0,0,0,0,119
"1245",12,260,0,0,0,0,0,119
"1246",13,280,0,0,0,0,0,119
"1247",14,300,0,0,0,0,0,119
"1248",15,320,0,0,0,0,0,119
"1249",16,340,0,0,0,0,0,119
"1250",17,360,0,0,0,0,0,119
"1251",18,380,0,0,0,0,0,119
"1252",19,400,0,0,0,0,0,119
"1253",20,420,0,0,0,0,0,119
"1254",21,440,0,0,0,0,0,119
"1255",22,460,0,0,0,0,0,119
"1256",23,480,0,0,0,0,0,119
"1257",24,500,0,0,0,0,0,119
"1258",25,520,0,0,0,0,0,119
"1259",26,540,0,0,0,0,0,119
"1260",27,560,0,0,0,0,0,119
"1261",28,580,0,0,0,0,0,119
"1262",29,600,0,0,0,0,0,119
"1263",30,620,0,0,0,0,0,119
"1264",31,640,0,0,0,0,0,119
"1265",32,660,0,0,0,0,0,119
"1266",33,680,0,0,0,0,0,119
"1267",34,700,0,0,0,0,0,119
"1268",35,720,0,0,0,0,0,119
"1269",36,740,0,0,0,0,0,119
"1270",37,760,0,0,0,0,0,119
"1271",38,780,0,0,0,0,0,119
"1272",39,800,0,0,0,0,0,119
"1273",40,820,0,0,0,0,0,119
"1274",41,840,0,0,0,0,0,119
"1275",42,860,0,0,0,0,0,119
"1276",43,880,0,0,0,0,0,119
"1277",44,900,0,0,0,0,0,119
"1278",45,920,0,0,0,0,0,119
"1279",46,940,0,0,0,0,0,119
"1280",47,960,0,0,0,0,0,119
"1281",48,980,0,0,0,0,0,119
"1282",49,1000,0,0,0,0,0,119
"1283",50,1020,0,0,0,0,0,119
"1284",51,1040,0,0,0,0,0,119
"1285",52,1060,0,0,0,0,0,119
"1286",53,1080,0,0,0,0,0,119
"1287",54,1100,0,0,0,0,0,119
"1288",55,1120,0,0,0,0,0,119
"1289",56,1140,0,0,0,0,0,119
"1290",57,1160,0,0,0,0,0,119
"1291",58,1180,0,0,0,0,0,119
"1292",59,1200,0,0,0,0,0,119
"1293",60,1220,0,0,0,0,0,119
"1294",61,1240,0,0,0,0,0,119
"1295",62,1260,0,0,0,0,0,119
"1296",63,1280,0,0,0,0,0,119
"1297",64,1300,0,0,0,0,0,119
"1298",65,1320,0,0,0,0,0,119
"1299",66,1340,0,0,0,0,0,119
"1300",67,1360,0,0,0,0,0,119
"1301",68,1380,0,0,0,0,0,119
"1302",69,1400,0,0,0,0,0,119
"1303",70,1420,0,0,0,0,0,119
"1304",71,1440,0,0,0,0,0,119
"1305",72,1460,0,0,0,0,0,119
"1306",73,1480,0,0,0,0,0,119
"1307",74,1500,0,0,0,0,0,119
"1308",75,1520,0,0,0,0,0,119
"1309",76,1540,0,0,0,0,0,119
"1310",77,1560,0,0,0,0,0,119
"1311",78,1580,0,0,0,0,0,119
"1312",79,1600,0,0,0,0,0,119
"1313",80,1620,0,0,0,0,0,119
"1314",81,1640,0,0,0,0,0,119
"1315",82,1660,0,0,0,0,0,119
"1316",83,1680,0,0,0,0,0,119
"1317",84,1700,0,0,0,0,0,119
"1318",85,1720,0,0,0,0,0,119
"1319",86,1740,0,0,0,0,0,119
"1320",87,1760,0,0,0,0,0,119
"1321",88,1780,0,0,0,0,0,119
"1322",89,1800,0,0,0,0,0,119
"1323",90,1820,0,0,0,0,0,119
"1324",91,1840,0,0,0,0,0,119
"1325",92,1860,0,0,0,0,0,119
"1326",93,1880,0,0,0,0,0,119
"1327",94,1900,0,0,0,0,0,119
"1328",95,1920,0,0,0,0,0,119
"1329",96,1940,0,0,0,0,0,119
"1330",97,1960,0,0,0,0,0,119
"1331",98,1980,0,0,0,0,0,119
"1332",99,2000,0,0,0,0,0,119
"1333",100,2020,0,0,0,0,0,119
"1334",101,2040,0,0,0,0,0,119
"1335",102,2060,0,0,0,0,0,119
"1336",103,2080,0,0,0,0,0,119
"1337",104,2100,0,0,0,0,0,119
"1338",105,2120,0,0,0,0,0,119
"1339",106,2140,0,0,0,0,0,119
"1340",107,2160,0,0,0,0,0,119
"1341",108,2180,0,0,0,0,0,119
"1342",109,2200,0,0,0,0,0,119
"1343",110,2220,0,0,0,0,0,119
"1344",111,2240,0,0,0,0,0,119
"1345",112,2260,0,0,0,0,0,119
"1346",113,2280,0,0,0,0,0,119
"1347",114,2300,0,0,0,0,0,119
"1348",115,2320,0,0,0,0,0,119
"1349",116,2340,0,0,0,0,0,119
"1350",117,2360,0,0,0,0,0,119
"1351",118,2380,0,0,0,0,0,119
"1352",119,2400,0,0,0,0,0,119
"1353",120,2420,0,0,0,0,0,119
"1354",121,2440,0,0,0,0,0,119
"1355",122,2460,0,0,0,0,0,119
"1356",123,2480,0,0,0,0,0,119
"1357",124,2500,0,0,0,0,0,119
"1358",125,2520,0,0,0,0,0,119
"1359",126,2540,0,0,0,0,0,119
"1360",127,2560,0,0,0,0,0,119
"1361",128,2580,0,0,0,0,0,119
"1362",129,2600,0,0,0,0,0,119
"1363",130,2620,0,0,0,0,0,119
"1364",131,2640,0,0,0,0,0,119
"1365",132,2660,0,0,0,0,0,119
"1366",133,2680,0,0,0,0,0,119
"1367",134,2700,0,0,0,0,0,119
"1368",135,2720,0,0,0,0,0,119
"1369",136,2740,0,0,0,0,0,119
"1370",137,2760,0,0,0,0,0,119
"1371",138,2780,0,0,0,0,0,119
"1372",139,2800,0,0,0,0,0,119
"1373",140,2820,0,0,0,0,0,119
"1374",141,2840,0,0,0,0,0,119
"1375",142,2860,0,0,0,0,0,119
"1376",143,2880,0,0,0,0,0,119
"1377",144,2900,0,0,0,0,0,119
"1378",145,2920,0,0,0,0,0,119
"1379",146,2940,0,0,0,0,0,119
"1380",147,2960,0,0,0,0,0,119
"1381",148,2980,0,0,0,0,0,119
"1382",149,3000,0,0,0,0,0,119
"1383",150,3020,0,0,0,0,0,119
"1384",151,3040,0,0,0,0,0,119
"1385",152,3060,0,0,0,0,0,119
"1386",153,3080,0,0,0,0,0,119
"1387",154,3100,0,0,0,0,0,119
"1388",155,3120,0,0,0,0,0,119
"1389",156,3140,0,0,0,0,0,119
"1390",157,3160,0,0,0,0,0,119
"1391",158,3180,0,0,0,0,0,119
"1392",159,3200,0,0,0,0,0,119
"1393",160,3220,0,0,0,0,0,119
"1394",161,3240,0,0,0,0,0,119
"1395",162,3260,0,0,0,0,0,119
"1396",163,3280,0,0,0,0,0,119
"1397",164,3300,0,0,0,0,0,119
"1398",165,3320,0,0,0,0,0,119
"1399",166,3340,0,0,0,0,0,119
"1400",167,3360,0,0,0,0,0,119
"1401",168,3380,0,0,0,0,0,119
"1402",169,3400,0,0,0,0,0,119
"1403",170,3420,0,0,0,0,0,119
"1404",171,3440,0,0,0,0,0,119
"1405",172,3460,0,0,0,0,0,119
"1406",173,3480,0,0,0,0,0,119
"1407",174,3500,0,0,0,0,0,119
"1408",175,3520,0,0,0,0,0,119
"1409",0,20,0,0,0,0,0,89
"1410",1,40,0,0,0,0,0,89
"1411",2,60,0,0,0,0,0,89
"1412",3,80,0,0,0,0,0,89
"1413",4,100,0,0,0,0,0,89
"1414",5,120,0,0,0,0,0,89
"1415",6,140,0,0,0,0,0,89
"1416",7,160,0,0,0,0,0,89
"1417",8,180,0,0,0,0,0,89
"1418",9,200,0,0,0,0,0,89
"1419",10,220,0,0,0,0,0,89
"1420",11,240,0,0,0,0,0,89
"1421",12,260,0,0,0,0,0,89
"1422",13,280,0,0,0,0,0,89
"1423",14,300,0,0,0,0,0,89
"1424",15,320,0,0,0,0,0,89
"1425",16,340,0,0,0,0,0,89
"1426",17,360,0,0,0,0,0,89
"1427",18,380,0,0,0,0,0,89
"1428",19,400,0,0,0,0,0,89
"1429",20,420,0,0,0,0,0,89
"1430",21,440,0,0,0,0,0,89
"1431",22,460,0,0,0,0,0,89
"1432",23,480,0,0,0,0,0,89
"1433",24,500,0,0,0,0,0,89
"1434",25,520,0,0,0,0,0,89
"1435",26,540,0,0,0,0,0,89
"1436",27,560,0,0,0,0,0,89
"1437",28,580,0,0,0,0,0,89
"1438",29,600,0,0,0,0,0,89
"1439",30,620,0,0,0,0,0,89
"1440",31,640,0,0,0,0,0,89
"1441",32,660,0,0,0,0,0,89
"1442",33,680,0,0,0,0,0,89
"1443",34,700,0,0,0,0,0,89
"1444",35,720,0,0,0,0,0,89
"1445",36,740,0,0,0,0,0,89
"1446",37,760,0,0,0,0,0,89
"1447",38,780,0,0,0,0,0,89
"1448",39,800,0,0,0,0,0,89
"1449",40,820,0,0,0,0,0,89
"1450",41,840,0,0,0,0,0,89
"1451",42,860,0,0,0,0,0,89
"1452",43,880,0,0,0,0,0,89
"1453",44,900,0,0,0,0,0,89
"1454",45,920,0,0,0,0,0,89
"1455",46,940,0,0,0,0,0,89
"1456",47,960,0,0,0,0,0,89
"1457",48,980,0,0,0,0,0,89
"1458",49,1000,0,0,0,0,0,89
"1459",50,1020,0,0,0,0,0,89
"1460",51,1040,0,0,0,0,0,89
"1461",52,1060,0,0,0,0,0,89
"1462",53,1080,0,0,0,0,0,89
"1463",54,1100,0,0,0,0,0,89
"1464",55,1120,0,0,0,0,0,89
"1465",56,1140,0,0,0,0,0,89
"1466",57,1160,0,0,0,0,0,89
"1467",58,1180,0,0,0,0,0,89
"1468",59,1200,0,0,0,0,0,89
"1469",60,1220,0,0,0,0,0,89
"1470",61,1240,0,0,0,0,0,89
"1471",62,1260,0,0,0,0,0,89
"1472",63,1280,0,0,0,0,0,89
"1473",64,1300,0,0,0,0,0,89
"1474",65,1320,0,0,0,0,0,89
"1475",66,1340,0,0,0,0,0,89
"1476",67,1360,0,0,0,0,0,89
"1477",68,1380,0,0,0,0,0,89
"1478",69,1400,0,0,0,0,0,89
"1479",70,1420,0,0,0,0,0,89
"1480",71,1440,0,0,0,0,0,89
"1481",72,1460,0,0,0,0,0,89
"1482",73,1480,0,0,0,0,0,89
"1483",74,1500,0,0,0,0,0,89
"1484",75,1520,0,0,0,0,0,89
"1485",76,1540,0,0,0,0,0,89
"1486",77,1560,0,0,0,0,0,89
"1487",78,1580,0,0,0,0,0,89
"1488",79,1600,0,0,0,0,0,89
"1489",80,1620,0,0,0,0,0,89
"1490",81,1640,0,0,0,0,0,89
"1491",82,1660,0,0,0,0,0,89
"1492",83,1680,0,0,0,0,0,89
"1493",84,1700,0,0,0,0,0,89
"1494",85,1720,0,0,0,0,0,89
"1495",86,1740,0,0,0,0,0,89
"1496",87,1760,0,0,0,0,0,89
"1497",88,1780,0,0,0,0,0,89
"1498",89,1800,0,0,0,0,0,89
"1499",90,1820,0,0,0,0,0,89
"1500",91,1840,0,0,0,0,0,89
"1501",92,1860,0,0,0,0,0,89
"1502",93,1880,0,0,0,0,0,89
"1503",94,1900,0,0,0,0,0,89
"1504",95,1920,0,0,0,0,0,89
"1505",96,1940,0,0,0,0,0,89
"1506",97,1960,0,0,0,0,0,89
"1507",98,1980,0,0,0,0,0,89
"1508",99,2000,0,0,0,0,0,89
"1509",100,2020,0,0,0,0,0,89
"1510",101,2040,0,0,0,0,0,89
"1511",102,2060,0,0,0,0,0,89
"1512",103,2080,0,0,0,0,0,89
"1513",104,2100,0,0,0,0,0,89
"1514",105,2120,0,0,0,0,0,89
"1515",106,2140,0,0,0,0,0,89
"1516",107,2160,0,0,0,0,0,89
"1517",108,2180,0,0,0,0,0,89
"1518",109,2200,0,0,0,0,0,89
"1519",110,2220,0,0,0,0,0,89
"1520",111,2240,0,0,0,0,0,89
"1521",112,2260,0,0,0,0,0,89
"1522",113,2280,0,0,0,0,0,89
"1523",114,2300,0,0,0,0,0,89
"1524",115,2320,0,0,0,0,0,89
"1525",116,2340,0,0,0,0,0,89
"1526",117,2360,0,0,0,0,0,89
"1527",118,2380,0,0,0,0,0,89
"1528",119,2400,0,0,0,0,0,89
"1529",120,2420,0,0,0,0,0,89
"1530",121,2440,0,0,0,0,0,89
"1531",122,2460,0,0,0,0,0,89
"1532",123,2480,0,0,0,0,0,89
"1533",124,2500,0,0,0,0,0,89
"1534",125,2520,0,0,0,0,0,89
"1535",126,2540,0,0,0,0,0,89
"1536",127,2560,0,0,0,0,0,89
"1537",128,2580,0,0,0,0,0,89
"1538",129,2600,0,0,0,0,0,89
"1539",130,2620,0,0,0,0,0,89
"1540",131,2640,0,0,0,0,0,89
"1541",132,2660,0,0,0,0,0,89
"1542",133,2680,0,0,0,0,0,89
"1543",134,2700,0,0,0,0,0,89
"1544",135,2720,0,0,0,0,0,89
"1545",136,2740,0,0,0,0,0,89
"1546",137,2760,0,0,0,0,0,89
"1547",138,2780,0,0,0,0,0,89
"1548",139,2800,0,0,0,0,0,89
"1549",140,2820,0,0,0,0,0,89
"1550",141,2840,0,0,0,0,0,89
"1551",142,2860,0,0,0,0,0,89
"1552",143,2880,0,0,0,0,0,89
"1553",144,2900,0,0,0,0,0,89
"1554",145,2920,0,0,0,0,0,89
"1555",146,2940,0,0,0,0,0,89
"1556",147,2960,0,0,0,0,0,89
"1557",148,2980,0,0,0,0,0,89
"1558",149,3000,0,0,0,0,0,89
"1559",150,3020,0,0,0,0,0,89
"1560",151,3040,0,0,0,0,0,89
"1561",152,3060,0,0,0,0,0,89
"1562",153,3080,0,0,0,0,0,89
"1563",154,3100,0,0,0,0,0,89
"1564",155,3120,0,0,0,0,0,89
"1565",156,3140,0,0,0,0,0,89
"1566",157,3160,0,0,0,0,0,89
"1567",158,3180,0,0,0,0,0,89
"1568",159,3200,0,0,0,0,0,89
"1569",160,3220,0,0,0,0,0,89
"1570",161,3240,0,0,0,0,0,89
"1571",162,3260,0,0,0,0,0,89
"1572",163,3280,0,0,0,0,0,89
"1573",164,3300,0,0,0,0,0,89
"1574",165,3320,0,0,0,0,0,89
"1575",166,3340,0,0,0,0,0,89
"1576",167,3360,0,0,0,0,0,89
"1577",168,3380,0,0,0,0,0,89
"1578",169,3400,0,0,0,0,0,89
"1579",170,3420,0,0,0,0,0,89
"1580",171,3440,0,0,0,0,0,89
"1581",172,3460,0,0,0,0,0,89
"1582",173,3480,0,0,0,0,0,89
"1583",174,3500,0,0,0,0,0,89
"1584",175,3520,0,0,0,0,0,89
"1585",0,20,0,0,0,0,0,257
"1586",1,40,0,0,0,0,0,257
"1587",2,60,0,0,0,0,0,257
"1588",3,80,0,0,0,0,0,257
"1589",4,100,0,0,0,0,0,257
"1590",5,120,0,0,0,0,0,257
"1591",6,140,0,0,0,0,0,257
"1592",7,160,0,0,0,0,0,257
"1593",8,180,0,0,0,0,0,257
"1594",9,200,0,0,0,0,0,257
"1595",10,220,0,0,0,0,0,257
"1596",11,240,0,0,0,0,0,257
"1597",12,260,0,0,0,0,0,257
"1598",13,280,0,0,0,0,0,257
"1599",14,300,0,0,0,0,0,257
"1600",15,320,0,0,0,0,0,257
"1601",16,340,0,0,0,0,0,257
"1602",17,360,0,0,0,0,0,257
"1603",18,380,0,0,0,0,0,257
"1604",19,400,0,0,0,0,0,257
"1605",20,420,0,0,0,0,0,257
"1606",21,440,0,0,0,0,0,257
"1607",22,460,0,0,0,0,0,257
"1608",23,480,0,0,0,0,0,257
"1609",24,500,0,0,0,0,0,257
"1610",25,520,0,0,0,0,0,257
"1611",26,540,0,0,0,0,0,257
"1612",27,560,0,0,0,0,0,257
"1613",28,580,0,0,0,0,0,257
"1614",29,600,0,0,0,0,0,257
"1615",30,620,0,0,0,0,0,257
"1616",31,640,0,0,0,0,0,257
"1617",32,660,0,0,0,0,0,257
"1618",33,680,0,0,0,0,0,257
"1619",34,700,0,0,0,0,0,257
"1620",35,720,0,0,0,0,0,257
"1621",36,740,0,0,0,0,0,257
"1622",37,760,0,0,0,0,0,257
"1623",38,780,0,0,0,0,0,257
"1624",39,800,0,0,0,0,0,257
"1625",40,820,0,0,0,0,0,257
"1626",41,840,0,0,0,0,0,257
"1627",42,860,0,0,0,0,0,257
"1628",43,880,0,0,0,0,0,257
"1629",44,900,0,0,0,0,0,257
"1630",45,920,0,0,0,0,0,257
"1631",46,940,0,0,0,0,0,257
"1632",47,960,0,0,0,0,0,257
"1633",48,980,0,0,0,0,0,257
"1634",49,1000,0,0,0,0,0,257
"1635",50,1020,0,0,0,0,0,257
"1636",51,1040,0,0,0,0,0,257
"1637",52,1060,0,0,0,0,0,257
"1638",53,1080,0,0,0,0,0,257
"1639",54,1100,0,0,0,0,0,257
"1640",55,1120,0,0,0,0,0,257
"1641",56,1140,0,0,0,0,0,257
"1642",57,1160,0,0,0,0,0,257
"1643",58,1180,0,0,0,0,0,257
"1644",59,1200,0,0,0,0,0,257
"1645",60,1220,0,0,0,0,0,257
"1646",61,1240,0,0,0,0,0,257
"1647",62,1260,0,0,0,0,0,257
"1648",63,1280,0,0,0,0,0,257
"1649",64,1300,0,0,0,0,0,257
"1650",65,1320,0,0,0,0,0,257
"1651",66,1340,0,0,0,0,0,257
"1652",67,1360,0,0,0,0,0,257
"1653",68,1380,0,0,0,0,0,257
"1654",69,1400,0,0,0,0,0,257
"1655",70,1420,0,0,0,0,0,257
"1656",71,1440,0,0,0,0,0,257
"1657",72,1460,0,0,0,0,0,257
"1658",73,1480,0,0,0,0,0,257
"1659",74,1500,0,0,0,0,0,257
"1660",75,1520,0,0,0,0,0,257
"1661",76,1540,0,0,0,0,0,257
"1662",77,1560,0,0,0,0,0,257
"1663",78,1580,0,0,0,0,0,257
"1664",79,1600,0,0,0,0,0,257
"1665",80,1620,0,0,0,0,0,257
"1666",81,1640,0,0,0,0,0,257
"1667",82,1660,0,0,0,0,0,257
"1668",83,1680,0,0,0,0,0,257
"1669",84,1700,0,0,0,0,0,257
"1670",85,1720,0,0,0,0,0,257
"1671",86,1740,0,0,0,0,0,257
"1672",87,1760,0,0,0,0,0,257
"1673",88,1780,0,0,0,0,0,257
"1674",89,1800,0,0,0,0,0,257
"1675",90,1820,0,0,0,0,0,257
"1676",91,1840,0,0,0,0,0,257
"1677",92,1860,0,0,0,0,0,257
"1678",93,1880,0,0,0,0,0,257
"1679",94,1900,0,0,0,0,0,257
"1680",95,1920,0,0,0,0,0,257
"1681",96,1940,0,0,0,0,0,257
"1682",97,1960,0,0,0,0,0,257
"1683",98,1980,0,0,0,0,0,257
"1684",99,2000,0,0,0,0,0,257
"1685",100,2020,0,0,0,0,0,257
"1686",101,2040,0,0,0,0,0,257
"1687",102,2060,0,0,0,0,0,257
"1688",103,2080,0,0,0,0,0,257
"1689",104,2100,0,0,0,0,0,257
"1690",105,2120,0,0,0,0,0,257
"1691",106,2140,0,0,0,0,0,257
"1692",107,2160,0,0,0,0,0,257
"1693",108,2180,0,0,0,0,0,257
"1694",109,2200,0,0,0,0,0,257
"1695",110,2220,0,0,0,0,0,257
"1696",111,2240,0,0,0,0,0,257
"1697",112,2260,0,0,0,0,0,257
"1698",113,2280,0,0,0,0,0,257
"1699",114,2300,0,0,0,0,0,257
"1700",115,2320,0,0,0,0,0,257
"1701",116,2340,0,0,0,0,0,257
"1702",117,2360,0,0,0,0,0,257
"1703",118,2380,0,0,0,0,0,257
"1704",119,2400,0,0,0,0,0,257
"1705",120,2420,0,0,0,0,0,257
"1706",121,2440,0,0,0,0,0,257
"1707",122,2460,0,0,0,0,0,257
"1708",123,2480,0,0,0,0,0,257
"1709",124,2500,0,0,0,0,0,257
"1710",125,2520,0,0,0,0,0,257
"1711",126,2540,0,0,0,0,0,257
"1712",127,2560,0,0,0,0,0,257
"1713",128,2580,0,0,0,0,0,257
"1714",129,2600,0,0,0,0,0,257
"1715",130,2620,0,0,0,0,0,257
"1716",131,2640,0,0,0,0,0,257
"1717",132,2660,0,0,0,0,0,257
"1718",133,2680,0,0,0,0,0,257
"1719",134,2700,0,0,0,0,0,257
"1720",135,2720,0,0,0,0,0,257
"1721",136,2740,0,0,0,0,0,257
"1722",137,2760,0,0,0,0,0,257
"1723",138,2780,0,0,0,0,0,257
"1724",139,2800,0,0,0,0,0,257
"1725",140,2820,0,0,0,0,0,257
"1726",141,2840,0,0,0,0,0,257
"1727",142,2860,0,0,0,0,0,257
"1728",143,2880,0,0,0,0,0,257
"1729",144,2900,0,0,0,0,0,257
"1730",145,2920,0,0,0,0,0,257
"1731",146,2940,0,0,0,0,0,257
"1732",147,2960,0,0,0,0,0,257
"1733",148,2980,0,0,0,0,0,257
"1734",149,3000,0,0,0,0,0,257
"1735",150,3020,0,0,0,0,0,257
"1736",151,3040,0,0,0,0,0,257
"1737",152,3060,0,0,0,0,0,257
"1738",153,3080,0,0,0,0,0,257
"1739",154,3100,0,0,0,0,0,257
"1740",155,3120,0,0,0,0,0,257
"1741",156,3140,0,0,0,0,0,257
"1742",157,3160,0,0,0,0,0,257
"1743",158,3180,0,0,0,0,0,257
"1744",159,3200,0,0,0,0,0,257
"1745",160,3220,0,0,0,0,0,257
"1746",161,3240,0,0,0,0,0,257
"1747",162,3260,0,0,0,0,0,257
"1748",163,3280,0,0,0,0,0,257
"1749",164,3300,0,0,0,0,0,257
"1750",165,3320,0,0,0,0,0,257
"1751",166,3340,0,0,0,0,0,257
"1752",167,3360,0,0,0,0,0,257
"1753",168,3380,0,0,0,0,0,257
"1754",169,3400,0,0,0,0,0,257
"1755",170,3420,0,0,0,0,0,257
"1756",171,3440,0,0,0,0,0,257
"1757",172,3460,0,0,0,0,0,257
"1758",173,3480,0,0,0,0,0,257
"1759",174,3500,0,0,0,0,0,257
"1760",175,3520,0,0,0,0,0,257
