"loc","v.g.","ev.g.","iv.g.","n","v","l","d","i","e","b","t","lOCode","lOComment","lOBlank","lOCodeAndComment","uniq_Op","uniq_Opnd","total_Op","total_Opnd","branchCount","dist.target","dist.x.interest","nr.changed","dist.train","method","row_ids"
225.095217909664,1,1,1,9,25.27,0.815164817497134,1.5,16.84,37.9,0.01,2.11,4,19.1192540340126,48.0513492580503,0,3,62.7746948739514,5,4,1,0,0.0598594753239425,5,0.0598594753239425,"random",415
6,1,1,1,9,25.27,0.67,30.7663713765959,16.84,37.9,0.01,2.11,4,0,0,0,3,4,942.590373499319,937.90672241454,1,0,0.0609447013851646,3,0.0609447013851646,"random",415
138.0491585657,1,1,1,9,14917.3883795134,0.659910684451461,1.5,111.863888366171,225433.200160196,0.01,9307.37997964503,206.072260717163,0,0,0,3,4,42.9341176478192,4,1,0,0.0543670625911673,8,0.0521506852256824,"random",415
6,1,1,1,9,25.27,0.67,1.5,16.84,37.9,0.01,2.11,4,0,0,0,3,95.5153464694742,5,4,1,0,0.0134088419735493,1,0.0134088419735493,"moc",415
6,1,1,1,9,25.27,0.67,1.5,16.84,37.9,0.01,2.11,4,0,0,0,3,95.2114826818816,5,4,1,0,0.0133643198068691,1,0.0133643198068691,"mocice",415
6,1,1,1,9,25.27,0.67,1.5,16.84,37.9,0.01,2.11,4,0,0,0,3,95.2862018964384,5,4,1,0,0.0133752676771338,1,0.0133752676771338,"moccond",415
6,1,1,1,9,25.27,0.67,1.5,16.84,37.9,0.01,2.11,4,0,0,0,3,96.1950280207711,5,4,1,0,0.0135084290140324,1,0.0135084290140324,"mocmod",415
6,1.32011551702781,1,1,9,25.27,0.67,1.5,16.84,37.9,0.01,2.11,4,0,0,0,3,94.8479198249429,5,4,1,0,0.0133962102782645,2,0.0133962102782645,"mocmod",415
44,9,4,4,137,713.7,1.33040509233251,0.601056368113495,49.56,1832162.07517466,0.24,570.96,29,4,8,1,12,25,77,60,17,0,0.0767556330791427,3,0.0767556330791427,"random",251
44,20.4780999969225,4,12.2980752731673,885.528633001493,713.7,0.70324049051851,14.4,2.01714134222362,10277.21,0.24,570.96,119.676230144687,4,8,7.76048240927048,12,25,77,60,17,0,0.0684881748517266,7,0.0684105885403388,"random",251
44,9,4,4,137,713.7,0.874496983489307,14.4,49.56,10277.21,0.24,570.96,29,4,8,1,12,25,77,60,17,0,0.0191546900830787,1,0.0191546900830787,"moc",251
44,9,4,4,137,713.7,0.874700929940624,14.4,49.56,10277.21,0.24,570.96,29,4,8,1,12,25,77,60,17,0,0.0191595459509672,1,0.0191595459509672,"mocice",251
44,9,4,4,137,713.7,0.630198238922849,14.4,49.56,10277.21,0.24,570.96,29,4,8,1,12,0,77,60,17,0,0.0170010569706905,2,0.0170010569706905,"mocice",251
44,9,4,4,137,713.7,0.885790906842942,14.4,49.56,10277.21,0.24,570.96,29,4,8,1,12,25,77,60,17,0,0.01942359302007,1,0.01942359302007,"moccond",251
44,9,4,4,137,713.7,0.873074452443817,14.4,49.56,10277.21,0.24,570.96,29,4,8,1,12,25,77,60,17,0,0.0191208202962814,1,0.0191208202962814,"mocmod",251
44,9,4,4,137,713.7,0.587710690203625,14.4,0.0661909609407587,10277.21,0.24,570.96,29,4,8,1,12,25,77,60,17,0,0.0180047759677909,2,0.0180047759677909,"mocmod",251
4,1,1,1,2990.20082473918,11.61,0.67,1.5,7.74,17.41,0,0.97,2,0,0,0,3,177.014480519574,3,2,221.140315871686,0,0.090469953440687,3,0.090469953440687,"random",141
4,22.242156637134,1,1,5,11.61,0.563188478816301,9.92574893542333,112.942479515984,17.41,0,0.97,2,0,10.8960371813737,0,3,2,3,2,1,0,0.0284273732694121,5,0.0252505543760948,"random",141
4,1,1,1,2715.27533617429,11.61,0.67,34.6684702428198,7.74,17.41,0,9487.12235809042,2,0,0,0,3,111.230167612666,3,2,1,0,0.0666310890790701,4,0.0666310890790701,"random",141
4,1,51.3401893227022,1,5,11.61,0.67,1.5,7.74,17.41,0,0.97,2,0,0,0,3,2,3,2,1,0,0.0193318699395938,1,0.0193318699395938,"moc",141
4,1,1,1,5,11.61,0.67,1.5,7.74,17.41,0,0.97,2,0,0,0,3,104.815526826037,3,2,1,0,0.015064546055097,1,0.015064546055097,"mocice",141
4,41.019372232351,1,1,5,11.61,0.107625658658133,1.5,7.74,17.41,0,0.97,2,0,0,0,3,2,3,2,1,0,0.0240361467896909,2,0.0150123955254613,"mocice",141
4,40.5481620000107,1,1,5,11.61,0.0289509927142982,1.5,7.74,17.41,0,0.97,2,0,0,0,3,2,3,2,1,0,0.0257839979122322,2,0.0130138339840105,"mocice",141
4,40.4288363138216,1,1,5,11.61,0.0273152107850737,1.5,7.74,17.41,0,0.97,2,0,0,0,3,2,3,2,1,0,0.0257912011036333,2,0.0129431427978295,"mocice",141
4,40.4288363138216,1,1,5,11.61,0.0273064860811727,1.5,7.74,17.41,0,0.97,2,0,0,0,3,2,3,2,1,0,0.0257914088346786,2,0.0129429350667842,"mocice",141
4,40.4257510439225,1,1,5,11.61,0.0075716357667856,1.5,7.74,17.41,0,0.97,2,0,0,0,3,2,3,2,1,0,0.0262604654543217,2,0.0124722369095518,"mocice",141
4,40.1561309755142,1,1,5,11.61,0,1.5,7.74,17.41,0,0.97,2,0,0,0,3,2,3,2,1,0,0.026369015955178,2,0.0122202333262755,"mocice",141
4,38.7613169823115,1,1,5,11.61,0.0276427986262739,1.5,7.74,17.41,0,0.0983642316041016,2,0,0,0,3,2,3,2,1,0,0.0253400654293456,3,0.0125070641430348,"mocice",141
4,38.7153830145039,1,1,5,11.61,0,1.5,7.74,17.41,0,0.104099186882812,2,0,0,0,3,2,3,2,1,0,0.0259860057862975,3,0.0118366843246265,"mocice",141
4,40.4288363138216,1,1,5,11.61,0,0,7.74,17.41,0,0.97,2,0,0,0,3,2,3,2,1,0,0.0271314944100544,3,0.0116028494914084,"mocice",141
3.88868239526798,40.3585422389186,1,1,5,11.61,0,0.142702446939596,7.74,17.41,0,0.97,2,0,0,0,3,2,3,2,1,0,0.0270513184124575,4,0.0116456250767132,"mocice",141
4,40.4288363138216,1,1,5.00212424792114,11.61,0,0.0767425981191661,7.74,17.41,0,0.97,2,0,0,0,3,2,3,2,1,0,0.0270962217470274,4,0.0116381729731557,"mocice",141
1.44850042472647,40.4288363138216,1,1,5,11.61,0,0,7.74,17.41,0,0.97,2,0,0,0,3,2,3,2,1,0,0.0272268633109766,4,0.0115487080387386,"mocice",141
4,1,1,1,5,11.61,0.67,1.5,7.74,17.41,0,0.97,2,0,0,0,3,101.369659737029,3,2,1,0,0.0145596571043266,1,0.0145596571043266,"moccond",141
4,1,1,1,5,11.61,0.67,1.5,7.74,17.41,0,0.97,2,0,0,0,3,2,3,519.645332180677,1,0,0.0162919879199533,1,0.0162919879199533,"mocmod",141
526.137638878077,3,1,3,2093.30420668377,722.57,0.06,16.11,44.85,1541884.41975603,0.24,135647.710294158,32,1,2,0,15,27,76,58,5,0,0.117618119843841,4,0.117618119843841,"random",156
327.894140241202,3,1,3,134,722.57,1.74817946180701,16.11,44.85,11641.41,0.24,646.75,32,10.8656837781891,50.4118925346993,2.76060175010934,20.1924880859442,27,76,58,5,0,0.0980856425875963,6,0.0875650704437961,"random",156
38,3,1,3,134,722.57,0.693355655646644,16.11,44.85,11641.41,0.24,646.75,32,1,2,0,15,27,76,58,5,0,0.0150798965630153,1,0.0150798965630153,"moc",156
38,3,1,3,134,722.57,0.433546179008519,16.11,44.85,11641.41,0.24,646.75,32,1,2,0,15,0.792072225938254,76,58,5,0,0.0127339460605049,2,0.0127339460605049,"moc",156
38,3,1,3,134,722.57,0.692861523433215,16.11,44.85,11641.41,0.24,646.75,32,1,2,0,15,27,76,58,5,0,0.0150681315103146,1,0.0150681315103146,"mocice",156
38,3,1,3,134,722.57,0.633391489304997,16.11,44.85,11641.41,0.24,646.75,32,1,2,0,15,27,4.83057510250521,58,5,0,0.0150253631762727,2,0.0150253631762727,"mocice",156
38,3,1,3,134,722.57,0.535308083848675,16.11,44.85,11641.41,0,646.75,32,1,2,0,15,27,76,0,5,0,0.0141563786444531,3,0.0141563786444531,"mocice",156
38,3,1,3,134,722.57,0.693665918405088,16.11,44.85,11641.41,0.24,646.75,32,1,2,0,15,27,76,58,5,0,0.0150872837715497,1,0.0150872837715497,"moccond",156
38,3,1,3,134,722.57,0.656109842153413,16.11,44.85,11641.41,0.24,646.75,32,1,2,0,15,23.9126142645726,76,58,5,0,0.0146454556901622,2,0.0146454556901622,"moccond",156
38,3,1,3,134,722.57,0.704712278721549,16.11,44.85,11641.41,0.24,646.75,32,1,2,0,15,27,76,58,5,0,0.0153502923505131,1,0.0153502923505131,"mocmod",156
38,3,1,3,134,722.57,0.385096803881232,16.11,44.85,11641.41,0.24,646.75,32,1,2,0,15,1.12355474048114,76,58,5,0,0.0115318206432555,2,0.0115318206432555,"mocmod",156
38,3,1,3,134,722.57,0.06,16.11,6.5986108420093,11641.41,0.24,646.75,32,1,2,0.778596323715603,15,2.20198176097956,76,58,4.64770714016816,0,0.0114390651310195,4,0.0114390651310195,"mocmod",156
38,3,1,3,134,750.437226651462,0.06,16.11,10.161159503457,11641.41,0.24,0,32,1,2,0,15,2.20198176097956,76,0,5,0,0.00967911707959973,5,0.00967911707959973,"mocmod",156
38,3,1,3.00000199834001,134,752.444334481605,0.06,16.11,9.78180794968907,11641.41,0.24,3.40386814847932,32,1,2,0,15,2.61988294228048,76,4.51173911277365,5,0,0.00952117735071973,6,0.00952117735071973,"mocmod",156
11,153.660556748044,1,1,25,108.05,0.27,3.77,59.0060141953733,407.26,0.04,22.63,8,0,1,0,7,13,11,14,1,0,0.0440924064163897,2,0.0440924064163897,"random",23
11,1,1,1,25,108.05,0.27,3.77,28.67,407.26,0.04,22.63,8,0,1,0,7,46.0604210891605,11,14,1,0,0.00484401774200154,1,0.00484401774200154,"moc",23
11,1,1,1,25,108.05,0.27,3.77,28.67,407.26,0.04,22.63,8,0,1,0,7,46.8737409096314,11,14,1,0,0.00496318548126468,1,0.00496318548126468,"mocice",23
11,1,1,1,25,108.05,0.27,3.77,28.67,407.26,0.04,22.63,7.99999999999869,0,1,0,7,46.8737291635605,11,14,1,0,0.0049631837602287,2,0.0049631837602287,"mocice",23
11,1,1,1,25,108.05,0.27,3.77,28.67,407.26,0.04,22.63,8,0,1,0,7,46.0369977348369,11,14,1,0,0.00484058574869405,1,0.00484058574869405,"moccond",23
11,1,15.1085491688142,1,25,108.05,0.27,3.77,28.67,407.26,0.04,22.63,8,0,1,0,7,13,11,14,1,0,0.00541802963472128,1,0.00541802963472128,"mocmod",23
4,1,1,1,4,22099.7976267836,0.070046316832304,1.5,5.33,12,0,41183.1446593686,2,0,0,0,3,1,3,276.212787326192,1,0,0.0668705452470295,4,0.0558785950284287,"random",45
4,1,1,62.6522842855193,4,4095.92899039641,0.67,1.5,5.33,430582.826395954,0,0.67,6.88664917834103,10.547495114617,23.106976894429,0,3,1,3,1,1,0,0.0566981245959054,6,0.0559857880765188,"random",45
4,72.7429354025585,1,1,4,8,0.67,1.5,5.33,12,0,0.67,2,0,0,0,3,1,3,1,1,0,0.0190856438953335,1,0.0190856438953335,"moc",45
4,1,1,1,4,8,0.67,1.5,5.33,12,0,0.67,2,0,0,0,3,103.280754712649,3,1,1,0,0.0149861911666885,1,0.0149861911666885,"mocice",45
4,1,1,1,4,8,0.349644992870199,1.5,5.33,12,0,0.67,2,0,0,0,3,79.9811824184402,3,1,1,0,0.0191998345900414,2,0.0135782848090727,"mocice",45
4,1,1,1,4,8,0.0889148348554493,1.5,5.33,12,0,0.67,2,0,0,0,3,69.3194150482754,3,1,1,0,0.0238455317779143,2,0.0135219886514435,"mocice",45
4,1,1,1,4,8,0.0860480804883932,1.5,5.33,12,0,0.67,2,0,0,0,3,69.1871626635551,3,1,1,0,0.0238944101954859,2,0.0134343549562982,"mocice",45
4,1,1,1,4,8,0.0837435841307449,1.5,5.33,12,0,0.67,2,0,0,0,3,69.1871626635551,3,1,1,0,0.0239492791563823,2,0.0133794859954018,"mocice",45
4,1,1,1,4,8,0.0790951443260385,1.5,5.33,12,0,0.67,2,0,0,0,3,69.539994933609,3,1,1,0,0.0241116533304949,2,0.0133205058930998,"mocice",45
4,1,1,1,4,8,0.0769934335153948,1.5,5.33,12,0,0.67,2,0,0,0,3,69.539994933609,3,1,1,0,0.0241616940640817,2,0.0132704651595131,"mocice",45
4,1,1,1,4,8,0.076208608492066,1.5,5.33,12,0,0.67,2,0,0,0,3,69.539994933609,3,1,1,0,0.0241803803741609,2,0.0132517788494338,"mocice",45
4,1,1,1,4,8,0.0714139442748697,1.5,5.33,12,0,0.67,2,0,0,0,3,69.1521012851789,3,1,1,0,0.0242377048117967,2,0.0130807859433936,"mocice",45
4,1,1,1,4,8,0.0694293342385765,1.5,5.33,12,0,0.67,2,0,0,0,3,69.1521012851789,3,1,1,0,0.0242849574317085,2,0.0130335333234819,"mocice",45
4,1,1,1,4,8,0.0522701644016398,1.5,5.33,12,0,0.67,2,0,0,0,3,67.9426501332477,3,1,1,0,0.0245163001345027,2,0.0124477727007077,"mocice",45
4,1,1,1,4,8,0.025665970716349,1.5,5.33,12,0,0.67,2,0,0,0,3,67.5121725672517,3,1,1,0,0.0250866596814425,2,0.0117512658816812,"mocice",45
4,1,1,1,4,8,0.0109202833198869,1.5,5.33,12,0,0.67,2,0,0,0,3,69.1871626635551,3,1,1,0,0.0256831672709265,2,0.0116455978808576,"mocice",45
4,1,1,1,4,8,0.010858774157332,1.5,5.33,12,0,0.67,2,0,0,0,3,69.1871626635551,3,1,1,0,0.0256846317747969,2,0.0116441333769872,"mocice",45
4,1,1,1,4,8,0.0101665831951415,1.5,5.33,12,0,0.67,2,0,0,0,3,69.1871626635551,3,1,1,0,0.0257011125119919,2,0.0116276526397922,"mocice",45
4,1,1,1,4,8,0.00997455027783809,1.5,5.33,12,0,0.67,2,0,0,0,3,69.1871626635551,3,1,1,0,0.0257056847243086,2,0.0116230804274754,"mocice",45
4,1,1,1,4,8,0,1.5,5.33,12,0,0.67,2,0,0,0,3,69.1158134898815,3,1,1,0,0.0259327199252574,2,0.0113751370437652,"mocice",45
4,1,1,1,4,8,0.0813065906902735,1.5,5.33,0.758415965894164,0,0.67,2,0,0,0,3,69.1871626635551,3,1,1,0,0.0240075520845131,3,0.0133212130672709,"mocice",45
4,1,1,1,4,8,0.0813065906902735,1.5,5.33,0,0,0.67,2,0,0,0,3,69.1871626635551,3,1,1,0,0.024007568901892,3,0.0133211962498921,"mocice",45
4,1,1,1,4,8,0.0780674109245044,1.5,5.33,12,0,0.0185368473902124,2,0,0,0,3,68.9917844609495,3,1,1,0,0.0240560019908599,3,0.013215509475179,"mocice",45
4,1,1,1,4,8,0.0708429643427008,1.5,5.33,12,0,0.821092055999834,2,0,0,0,3,67.8324663204342,3,1,1,0,0.0240579934744822,3,0.0128738850854996,"mocice",45
4,1,1,1,4,8,0.0648637665031052,1.5,5.33,12,0,0.817871808534402,2,0,0,0,3,67.8324663204342,3,1,1,0,0.024200354325858,3,0.0127315222302281,"mocice",45
4,1,1,1,4,8,0.0860480804883932,0.00774570993382095,5.33,12,0,0.67,2,0,0,0,3,67.4777227800334,3,1,1,0,0.0243303112871417,3,0.0124975191002404,"mocice",45
4,1,1,1,4,8,0.0488614128285686,1.5,5.33,12,0,0.70580626085724,2,0,0,0,3,67.5582499182079,3,1,1,0,0.0245411496511727,3,0.0123103007138982,"mocice",45
4,1,1,1,4,8,0.003417319350806,1.5,5.33216867752696,12,0,0.67,2,0,0,0,3,67.5035458260884,3,1,1,0,0.0256153742927458,3,0.0112205209041492,"mocice",45
4,1,1,1,4,8,0.00934597023579015,1.5,0.0571287791742416,12,0,0.67,2,0,0,0,3,69.2237472721001,3,1,1,0,0.0263309578256095,3,0.0110085280905833,"mocice",45
4,1,1,1,4,8,0.0717089700044352,1.5,0,12,0,0.67,0,0,0,0,3,67.6431353867703,3,1,1,0,0.0247071198957373,4,0.0121691830503955,"mocice",45
4,1,1,1,1.01044224440348,7.81854906385759,0.0147550146002963,1.5,5.33,12,0,0.67,2,0,0,0,3,69.0517108694632,3,1,1,0,0.0256080330876071,4,0.0116810392307435,"mocice",45
4,1,1,1,4,8.37833798387544,0.00364163313691555,1.5,5.33,12,0,0.66334384657128,2,0,0,0,3,67.5035458260884,3,1,1,0,0.0256103195420819,4,0.0112261436203564,"mocice",45
4,1,1,1,4,8.36498621950782,1.17900002974333e-05,1.5,5.33,12,0,0.66334384657128,2,0,0,0,3,67.5035458260884,3,1,1,0,0.0256967255761669,4,0.0111396999812691,"mocice",45
4,1,1,1,3.71377844426283,8,0.00934597023579015,0.022704043711032,5.33,12,0,0.67,2,0,0,0,3,67.5517496903912,3,1,1,0,0.0261639419561619,4,0.0106855812987244,"mocice",45
4,1,1,1,1.01334164324578,0.183700707298855,0.0514564756307697,1.5,5.33000650179692,12,0,0.67,2,0,0,0,3,67.5642939103759,3,1,1,0,0.0245269699971196,5,0.0123262307115446,"mocice",45
4,1,1,1,1,0,0.003417319350806,1.5,5.33244212559746,12,0,0.67,2,0,0,0,3,67.5035458260884,3,1,1,0,0.0256625563306325,5,0.0111734016106209,"mocice",45
4,1,1,1,4,8,0.00491481722910321,1.5,5.18383509925619,12,0,0.70580626085724,0.0941138078903385,0,0,0,3,67.5582499182079,3,1,1,0,0.0256862505659158,5,0.0111651997991551,"mocice",45
4,1,1,1,4,8,0.67,1.5,5.33,12,0,0.67,2,0,0,0,3,1,3,517.77513395825,1,0,0.0162645999420341,1,0.0162645999420341,"moccond",45
4,1,1,1,4,8,0.67,1.5,5.33,12,0,0.67,2,0,0,0,3,1,3,519.963732410753,1,0,0.0163334822777438,1,0.0163334822777438,"mocmod",45
37,2,6.14515783917159,2,75,343.87,1.33094577584416,11.2613522935146,102.162483561803,3610.66,0.11,23548.1413916973,194.967596522765,5,5,0,7,17,24,51,3,0,0.0541305683334498,6,0.0520861260233632,"random",510
37,2,1,2,75,343.87,0.1,70.1476783740311,32.75,2098894.02468101,1.32492429037811,200.59,26,5,86.3527831886895,0,7,17,286.223952722736,51,3,0,0.116105698888095,5,0.116105698888095,"random",510
37,2,1,2,75,343.87,0.317728913080784,10.5,32.75,3610.66,0.11,200.59,26,5,5,0,7,17,24,51,3,0,0.00518402174001867,1,0.00518402174001867,"moc",510
37,1.23443286853414,1,2,75,343.87,0.1,10.5,32.75,3610.66,0.11,200.59,26,5,5,0,7,0.128782270383485,24,51,3,0,0.00267563573890581,2,0.00267563573890581,"moc",510
37,2,1,2,75,343.87,0.317399353324216,10.5,32.75,3610.66,0.11,200.59,26,5,5,0,7,17,24,51,3,0,0.005176175079148,1,0.005176175079148,"mocice",510
37,2,1,1.05075476800353,75,343.87,0.1,10.5,32.75,3610.66,0.11,200.59,26,5,5,0,7,0.701920690070043,24,51,3,0,0.00270632199598505,2,0.00270632199598505,"mocice",510
37,2,1,2,75,343.87,0.320530530124962,10.5,32.75,3610.66,0.11,200.59,26,5,5,0,7,17,24,51,3,0,0.00525072690773718,1,0.00525072690773718,"moccond",510
37,2,1,2,75,343.87,0.1,10.5,32.75,3610.66,0.11,200.59,26,5,5,0,7,0.0098379853209497,24,44.6092812321091,3,0,0.00269053780328958,2,0.00269053780328958,"moccond",510
37,2,1,2,75,343.87,0.349628625660858,10.5,32.75,3610.66,0.11,200.59,26,5,5,0,7,17,24,51,3,0,0.0059435387062109,1,0.0059435387062109,"mocmod",510
37,2,1,2,75,343.87,0.127364095784703,10.5,32.75,3610.66,0.11,200.59,26,5,5,0,7,1.24942380499258,24,51,3,0,0.0029593028219812,2,0.0029593028219812,"mocmod",510
37,2,1,2,75,73.9557182253268,0.0989597392574063,10.5,32.75,3610.66,0.11,200.59,26,5,5,0,7,0.0521311264757219,24,51,3,0,0.0028880766842319,3,0.0028880766842319,"mocmod",510
13,2,7.99658166710287,2,18,66.61,0.18,5.6,11.89,373,0.02,20.72,8,0,76.0230471100658,0,8.37662650411949,5,11,7,3,0,0.032601750529929,3,0.032601750529929,"random",38
13,2,1,2,18,66.61,0.18,5.6,25.34854985727,411405.462967395,0.02,13527.344571595,8,0,8.36597305070609,0,8,5,11,218.610270845471,3,0,0.024419815602914,5,0.024419815602914,"random",38
13,2,1,2,18,66.61,0.18,5.6,11.89,373,0.02,20.72,8,0,1,0,8,53.69666559624,11,7,3,0,0.00713504257820366,1,0.00713504257820366,"moc",38
13,2,18.5445949560795,2,18,66.61,0.18,5.6,11.89,373,0.02,20.72,8,0,1,0,8,5,11,7,3,0,0.0067375556666972,1,0.0067375556666972,"mocice",38
13,2,1,2,18,66.61,0.18,5.6,11.89,373,0.02,20.72,8,0,1,0,8,44.2339098518436,11,7,3,0,0.00574855822005035,1,0.00574855822005035,"moccond",38
13,2,1,2,18,66.61,0.18,5.6,11.89,373,0.02,20.72,8,0,1,0,8,44.2171502727388,11,7,3,0,0.00574610260406429,1,0.00574610260406429,"mocmod",38
21,5,1,3,602.137798157521,311.78,0.192329698242247,10.58,29.48,1640138.27639001,0.1,183.2,18,0,11.7883902967442,0,18.540219551418,13,509.241102182306,25,103.250531185418,0,0.0786356940693191,7,0.0774686106936044,"random",180
21,5,1,3,68,311.78,0.09,96.6124986102618,59.9856470398279,3297.65,0.1,127820.89014094,18,0,1,0,11,13,43,25,9,0,0.0827840469619635,3,0.0827840469619635,"random",180
21,5,1,3,68,311.78,0.09,10.58,29.48,3297.65,0.1,183.2,18,0,1,0,11,4.36444809304291,43,25,9,0,0.00126528233068968,1,0.00126528233068968,"moc",180
21,5,1,3,68,311.78,0.09,10.58,29.48,3297.65,0.1,183.2,18,0,1,0,11,5.30397755782202,43,25,9,0,0.00112762233585025,1,0.00112762233585025,"mocice",180
21,5,1,3,68,311.78,0.09,10.58,29.48,3297.65,0.1,183.2,18,0,1,0,11,3.48802533802342,43,25,9,0,0.00139369592116873,1,0.00139369592116873,"moccond",180
21,5,1,1,68,311.78,0.09,10.58,29.48,0,0.1,183.2,18,0,1,0,11,9.35692934135426,43,25,9,0,0.00127759729392918,3,0.00127759729392918,"moccond",180
21,5,1,3,68,311.78,0.09,10.58,29.48,3297.65,0.1,183.2,18,0,1,0,11,4.68512699193542,43,25,9,0,0.00121829641143803,1,0.00121829641143803,"mocmod",180
21,5,1,1,68,311.78,0.09,10.58,29.48,3297.65,0.1,183.2,18,0,1,0,11,9.38613729646081,43,25,9,0,0.00120019450436214,2,0.00120019450436214,"mocmod",180
4,1,1,116.572072439827,4,8,1.36395847517997,1.81903949436033,5.33,12,0,26245.1215237123,2,0,0,0,3,1,3,1,1,0,0.0635918266939568,4,0.0495206438238608,"random",295
4,1,50.2592397062108,1,4,8,0.67,1.5,5.33,12,3.59769049940864,0.67,2,0,30.6330623221584,0,3,1,3,1,81.9447632916272,0,0.0568805475320135,4,0.0561682110126269,"random",295
288.922141964082,1,1,1,4,8,0.67,1.5,183.245582598755,12,8.66145527614048,0.67,2,0,0,0,3,1,3,1,1,0,0.0676588032392929,3,0.0650029659258264,"random",295
4,72.7280466229732,1,1,4,8,0.67,1.5,5.33,12,0,0.67,2,0,0,0,3,1,3,1,1,0,0.0190816830601152,1,0.0190816830601152,"moc",295
1,1,9.42778822801781,1,1,8,0.0499580888798394,1.5,5.33,12,0,0.67,2,0,0,0,3,33.3659550888615,3,1,1,0,0.0228896624451563,5,0.0104897563469562,"moc",295
4,1,48.666026763588,1,4,8,0.67,1.5,5.33,12,0,0.67,2,0,0,0,3,1,3,1,1,0,0.0183049257924685,1,0.0183049257924685,"mocice",295
4,1,1,1,4,8,0.67,1.5,202.837870264462,12,0,0.67,2,0,0,0,3,1,3,1,1,0,0.0226597038482632,1,0.0203971437692452,"moccond",295
4,1,1,1,4,8,0.67,1.5,27.8544029809518,12,0,0.67,2,0,0,0,3,95.8564745592758,3,1,1,0,0.0164825666404848,2,0.014272157201446,"moccond",295
4,1,1,1,4,8,0.67,1.5,46.4239441204823,12,0,0.67,2,0,0,0,3,81.5066699597292,3,1,1,0,0.016510479449687,2,0.0127827179054676,"moccond",295
4,1,1.49529530644941,1,4,8,0.67,1.5,25.2453340946337,12,0,0.67,2,0,0,0,3,95.8564745592758,3,1,1,0,0.0163734386799273,3,0.0146734926518851,"moccond",295
4,1,2.57381165323306,1,4,8,0.022372323175865,1.5,88.9673388379915,12,0,0.67,2,0,0,0,3,1,3,1,1,0,0.0256196424105772,3,0.0124204485447856,"moccond",295
4,1,2.57224530900372,1,4,8,0.0064068997707542,1.5,90.0885572307072,12,0,0.67,2,0,0,0,3,1,3,1,1,0,0.0261278052870432,3,0.0121683531638653,"moccond",295
4,1,1,1,4,8,0,1.5,94.3614392234142,12,0,0.67,2,0,0,0,3,1,3,0.384780239708619,1,0,0.0261861523102468,3,0.011921609721795,"moccond",295
4,1,2.55330291436709,1,4.37913202289221,8,0.0034769185516966,1.5,89.852821045078,12,0,0.67,2,0,0,0,3,1,3,1,1,0,0.0261677818512784,4,0.0120688068129074,"moccond",295
4,1,2.52974523007591,1,4,8,0,1.5,88.0756618256291,12,0,0.673778434789273,2,0,0.047178299976132,0,3,1,3,1,1,0,0.0260516617673982,5,0.0117871191789463,"moccond",295
4,1,2.55330291436709,1,1.46499096869299,8,0,0.937194394814379,90.0885572307072,12,0,0,2,0,0,0,3,1,3,0.186180872292788,1,0,0.0265880856377122,7,0.0117447512106337,"moccond",295
4,1,2.54092750157188,1,4,8,0,0.0301451348106798,90.0885572307072,12,0.0265752593664505,0.000371862632475828,2,0,0,0,3,1,3,0.186180872292788,1,0,0.0270824996172386,7,0.0114654087993341,"moccond",295
4,1,1,1,4,8,0.67,1.5,5.33,12,0,0.67,2,0,0,0,3,107.962176214106,3,1,1,0,0.0156721137310045,1,0.0156721137310045,"mocmod",295
4,1,1,1,4,8,0.67,1.5,5.33,11.9321710609784,0,0.67,2,0,0,0,3,107.547799656092,3,1,1,0,0.0156114007210722,2,0.0156114007210722,"mocmod",295
4,1,1,1,4,8,0.67,1.5,30.7277907417805,12,0,0.67,2,0,0,0,3,89.3071559929851,3,1,1,0,0.0158526178597514,2,0.0136422084207126,"mocmod",295
4,1,1,1,4,8,0.67,1.5,38.2388688120982,12,0,0.67,2,0,0,0,3,91.3856098850971,3,1,1,0,0.0170188849885476,2,0.013513955527791,"mocmod",295
4,1,1,1,4,8,0.67,1.5,38.630864633189,12,0,0.67,2,0,0,0,3,91.5950670438028,3,1,1,0,0.0170945476201904,2,0.0134996722833147,"mocmod",295
4,1,1,1,4,8,0.67,1.5,39.234304981923,12,0,0.67,2,0,0,0,3,91.3837336175078,3,1,1,0,0.017132814583816,2,0.0134050530395965,"mocmod",295
4,1,1,1,4,8,0.67,1.5,8.26194378089718,12,0,0.67,2,0,0,0,3,91.5316134331727,3,56.2335928966331,1,0,0.0153394630426363,3,0.0149022335319311,"mocmod",295
4,1,1,1,4,8.35079494722569,0.67,1.5,38.630864633189,12,0,0.67,2,0,0,0,3,89.5815679415494,3,1,1,0,0.0168000234405148,3,0.0132041600960296,"mocmod",295
4,1,1,1,4,2.66409588144557,0.67,1.5,39.078505615516,12,0,0.67,2,0,0,0,3,89.7103185112008,3,1,1,0,0.0168772652296579,3,0.0131796758887651,"mocmod",295
4,1,1,1,4,0.458473548236644,0.67,1.5,8.26194378089718,12,0,0.67,2,0,0,0,3,91.349778306975,3,56.2335928966331,1,0,0.0153234408195713,4,0.0148862113088662,"mocmod",295
4,1,1,1,4,8,0.67,1.5,12.1999881433076,12.095179128871,0,0.67,2,0,0,0,3,89.7801010507358,3,51.9234079754313,1,0,0.0153989820871665,4,0.0147751493614718,"mocmod",295
4,1,1,1,4,2.55948485340795,0.67,1.5,38.630864633189,12,0,0.67,2,0,0,0,3,89.6445996323804,3,3.73941523557671,1,0,0.0169026447428704,4,0.0131353327311087,"mocmod",295
